lecture_file,source_folder,version,model_name,prompt_id,precision,recall,f1,claim_recall,context_precision,context_utilization,hallucination,faithfulness,version_label
1_Классификаторы_KNN_и_наивный_байес.tex,analytics, version_1,gemma3_4b,prompt14,42.7,64.5,48.5,0.0,0.0,0.0,0.0,0.0,v1_english
3. Инструменты обучения НС.tex,analytics, version_1,gemma3_4b,prompt14,42.7,64.5,48.5,0.0,0.0,0.0,0.0,0.0,v1_english
1_Классификаторы_KNN_и_наивный_байес.tex,analytics, version_1,gemma3_4b,prompt13,44.3,61.7,47.3,0.0,0.0,0.0,0.0,0.0,v1_english
3. Инструменты обучения НС.tex,analytics, version_1,gemma3_4b,prompt13,44.3,61.7,47.3,0.0,0.0,0.0,0.0,0.0,v1_english
1_Классификаторы_KNN_и_наивный_байес.tex,analytics, version_1,gemma3_4b,prompt4,46.4,59.9,49.8,0.0,0.0,0.0,0.0,0.0,v1_english
3. Инструменты обучения НС.tex,analytics, version_1,gemma3_4b,prompt4,46.4,59.9,49.8,0.0,0.0,0.0,0.0,0.0,v1_english
1_Классификаторы_KNN_и_наивный_байес.tex,analytics, version_1,gemma3_4b,prompt3,49.2,55.6,46.9,0.0,0.0,0.0,0.0,0.0,v1_english
3. Инструменты обучения НС.tex,analytics, version_1,gemma3_4b,prompt3,49.2,55.6,46.9,0.0,0.0,0.0,0.0,0.0,v1_english
1_Классификаторы_KNN_и_наивный_байес.tex,analytics, version_1,gemma3_4b,prompt2,46.7,60.8,47.6,0.0,0.0,0.0,0.0,0.0,v1_english
3. Инструменты обучения НС.tex,analytics, version_1,gemma3_4b,prompt2,46.7,60.8,47.6,0.0,0.0,0.0,0.0,0.0,v1_english
1_Классификаторы_KNN_и_наивный_байес.tex,analytics, version_1,gemma3_4b,prompt5,51.8,56.6,49.3,0.0,0.0,0.0,0.0,0.0,v1_english
3. Инструменты обучения НС.tex,analytics, version_1,gemma3_4b,prompt5,51.8,56.6,49.3,0.0,0.0,0.0,0.0,0.0,v1_english
1_Классификаторы_KNN_и_наивный_байес.tex,analytics, version_1,gemma3_4b,prompt12,45.3,57.1,46.8,0.0,0.0,0.0,0.0,0.0,v1_english
3. Инструменты обучения НС.tex,analytics, version_1,gemma3_4b,prompt12,45.3,57.1,46.8,0.0,0.0,0.0,0.0,0.0,v1_english
1_Классификаторы_KNN_и_наивный_байес.tex,analytics, version_1,gemma3_4b,prompt15,44.4,55.9,43.6,0.0,0.0,0.0,0.0,0.0,v1_english
3. Инструменты обучения НС.tex,analytics, version_1,gemma3_4b,prompt15,44.4,55.9,43.6,0.0,0.0,0.0,0.0,0.0,v1_english
1_Классификаторы_KNN_и_наивный_байес.tex,analytics, version_1,gemma3_4b,prompt10,42.1,55.2,43.5,0.0,0.0,0.0,0.0,0.0,v1_english
3. Инструменты обучения НС.tex,analytics, version_1,gemma3_4b,prompt10,42.1,55.2,43.5,0.0,0.0,0.0,0.0,0.0,v1_english
1_Классификаторы_KNN_и_наивный_байес.tex,analytics, version_1,gemma3_4b,prompt9,44.3,55.0,45.3,0.0,0.0,0.0,0.0,0.0,v1_english
3. Инструменты обучения НС.tex,analytics, version_1,gemma3_4b,prompt9,44.3,55.0,45.3,0.0,0.0,0.0,0.0,0.0,v1_english
1_Классификаторы_KNN_и_наивный_байес.tex,analytics, version_1,gemma3_4b,prompt7,42.9,54.6,42.1,0.0,0.0,0.0,0.0,0.0,v1_english
3. Инструменты обучения НС.tex,analytics, version_1,gemma3_4b,prompt7,42.9,54.6,42.1,0.0,0.0,0.0,0.0,0.0,v1_english
1_Классификаторы_KNN_и_наивный_байес.tex,analytics, version_1,gemma3_4b,prompt6,57.5,45.6,44.1,0.0,0.0,0.0,0.0,0.0,v1_english
3. Инструменты обучения НС.tex,analytics, version_1,gemma3_4b,prompt6,57.5,45.6,44.1,0.0,0.0,0.0,0.0,0.0,v1_english
1_Классификаторы_KNN_и_наивный_байес.tex,analytics, version_1,gemma3_4b,prompt1,41.7,52.8,41.9,0.0,0.0,0.0,0.0,0.0,v1_english
3. Инструменты обучения НС.tex,analytics, version_1,gemma3_4b,prompt1,41.7,52.8,41.9,0.0,0.0,0.0,0.0,0.0,v1_english
1_Классификаторы_KNN_и_наивный_байес.tex,analytics, version_1,gemma3_4b,prompt8,43.8,58.5,45.8,0.0,0.0,0.0,0.0,0.0,v1_english
3. Инструменты обучения НС.tex,analytics, version_1,gemma3_4b,prompt8,43.8,58.5,45.8,0.0,0.0,0.0,0.0,0.0,v1_english
1_Классификаторы_KNN_и_наивный_байес.tex,analytics, version_1,gemma3_4b,prompt11,41.3,60.0,45.3,0.0,0.0,0.0,0.0,0.0,v1_english
3. Инструменты обучения НС.tex,analytics, version_1,gemma3_4b,prompt11,41.3,60.0,45.3,0.0,0.0,0.0,0.0,0.0,v1_english
1_Классификаторы_KNN_и_наивный_байес.tex,analytics, version_1,phi4-mini_3.8b,prompt14,35.0,38.9,18.3,0.0,0.0,0.0,0.0,0.0,v1_english
3. Инструменты обучения НС.tex,analytics, version_1,phi4-mini_3.8b,prompt14,35.0,38.9,18.3,0.0,0.0,0.0,0.0,0.0,v1_english
1_Классификаторы_KNN_и_наивный_байес.tex,analytics, version_1,phi4-mini_3.8b,prompt13,37.0,56.7,31.1,0.0,0.0,0.0,0.0,0.0,v1_english
3. Инструменты обучения НС.tex,analytics, version_1,phi4-mini_3.8b,prompt13,37.0,56.7,31.1,0.0,0.0,0.0,0.0,0.0,v1_english
1_Классификаторы_KNN_и_наивный_байес.tex,analytics, version_1,phi4-mini_3.8b,prompt4,43.8,51.9,31.4,0.0,0.0,0.0,0.0,0.0,v1_english
3. Инструменты обучения НС.tex,analytics, version_1,phi4-mini_3.8b,prompt4,43.8,51.9,31.4,0.0,0.0,0.0,0.0,0.0,v1_english
1_Классификаторы_KNN_и_наивный_байес.tex,analytics, version_1,phi4-mini_3.8b,prompt3,32.4,60.3,29.3,0.0,0.0,0.0,0.0,0.0,v1_english
3. Инструменты обучения НС.tex,analytics, version_1,phi4-mini_3.8b,prompt3,32.4,60.3,29.3,0.0,0.0,0.0,0.0,0.0,v1_english
1_Классификаторы_KNN_и_наивный_байес.tex,analytics, version_1,phi4-mini_3.8b,prompt2,43.6,57.8,40.4,0.0,0.0,0.0,0.0,0.0,v1_english
3. Инструменты обучения НС.tex,analytics, version_1,phi4-mini_3.8b,prompt2,43.6,57.8,40.4,0.0,0.0,0.0,0.0,0.0,v1_english
1_Классификаторы_KNN_и_наивный_байес.tex,analytics, version_1,phi4-mini_3.8b,prompt5,46.7,58.1,40.2,0.0,0.0,0.0,0.0,0.0,v1_english
3. Инструменты обучения НС.tex,analytics, version_1,phi4-mini_3.8b,prompt5,46.7,58.1,40.2,0.0,0.0,0.0,0.0,0.0,v1_english
1_Классификаторы_KNN_и_наивный_байес.tex,analytics, version_1,phi4-mini_3.8b,prompt12,32.7,65.8,31.7,0.0,0.0,0.0,0.0,0.0,v1_english
3. Инструменты обучения НС.tex,analytics, version_1,phi4-mini_3.8b,prompt12,32.7,65.8,31.7,0.0,0.0,0.0,0.0,0.0,v1_english
1_Классификаторы_KNN_и_наивный_байес.tex,analytics, version_1,phi4-mini_3.8b,prompt15,42.0,56.7,34.1,0.0,0.0,0.0,0.0,0.0,v1_english
3. Инструменты обучения НС.tex,analytics, version_1,phi4-mini_3.8b,prompt15,42.0,56.7,34.1,0.0,0.0,0.0,0.0,0.0,v1_english
1_Классификаторы_KNN_и_наивный_байес.tex,analytics, version_1,phi4-mini_3.8b,prompt10,44.8,58.6,37.0,0.0,0.0,0.0,0.0,0.0,v1_english
3. Инструменты обучения НС.tex,analytics, version_1,phi4-mini_3.8b,prompt10,44.8,58.6,37.0,0.0,0.0,0.0,0.0,0.0,v1_english
1_Классификаторы_KNN_и_наивный_байес.tex,analytics, version_1,phi4-mini_3.8b,prompt9,45.6,64.3,40.4,0.0,0.0,0.0,0.0,0.0,v1_english
3. Инструменты обучения НС.tex,analytics, version_1,phi4-mini_3.8b,prompt9,45.6,64.3,40.4,0.0,0.0,0.0,0.0,0.0,v1_english
1_Классификаторы_KNN_и_наивный_байес.tex,analytics, version_1,phi4-mini_3.8b,prompt7,39.8,54.7,30.4,0.0,0.0,0.0,0.0,0.0,v1_english
3. Инструменты обучения НС.tex,analytics, version_1,phi4-mini_3.8b,prompt7,39.8,54.7,30.4,0.0,0.0,0.0,0.0,0.0,v1_english
1_Классификаторы_KNN_и_наивный_байес.tex,analytics, version_1,phi4-mini_3.8b,prompt6,40.3,52.0,32.6,0.0,0.0,0.0,0.0,0.0,v1_english
3. Инструменты обучения НС.tex,analytics, version_1,phi4-mini_3.8b,prompt6,40.3,52.0,32.6,0.0,0.0,0.0,0.0,0.0,v1_english
1_Классификаторы_KNN_и_наивный_байес.tex,analytics, version_1,phi4-mini_3.8b,prompt1,44.0,56.4,31.4,0.0,0.0,0.0,0.0,0.0,v1_english
3. Инструменты обучения НС.tex,analytics, version_1,phi4-mini_3.8b,prompt1,44.0,56.4,31.4,0.0,0.0,0.0,0.0,0.0,v1_english
1_Классификаторы_KNN_и_наивный_байес.tex,analytics, version_1,phi4-mini_3.8b,prompt8,52.4,61.4,41.1,0.0,0.0,0.0,0.0,0.0,v1_english
3. Инструменты обучения НС.tex,analytics, version_1,phi4-mini_3.8b,prompt8,52.4,61.4,41.1,0.0,0.0,0.0,0.0,0.0,v1_english
1_Классификаторы_KNN_и_наивный_байес.tex,analytics, version_1,phi4-mini_3.8b,prompt11,39.7,62.7,30.0,0.0,0.0,0.0,0.0,0.0,v1_english
3. Инструменты обучения НС.tex,analytics, version_1,phi4-mini_3.8b,prompt11,39.7,62.7,30.0,0.0,0.0,0.0,0.0,0.0,v1_english
1_Классификаторы_KNN_и_наивный_байес.tex,analytics, version_1,llama3.2_1b,prompt14,25.5,48.3,29.4,0.0,0.0,0.0,0.0,0.0,v1_english
3. Инструменты обучения НС.tex,analytics, version_1,llama3.2_1b,prompt14,25.5,48.3,29.4,0.0,0.0,0.0,0.0,0.0,v1_english
1_Классификаторы_KNN_и_наивный_байес.tex,analytics, version_1,llama3.2_1b,prompt13,31.4,44.4,31.6,0.0,0.0,0.0,0.0,0.0,v1_english
3. Инструменты обучения НС.tex,analytics, version_1,llama3.2_1b,prompt13,31.4,44.4,31.6,0.0,0.0,0.0,0.0,0.0,v1_english
1_Классификаторы_KNN_и_наивный_байес.tex,analytics, version_1,llama3.2_1b,prompt4,31.6,44.4,26.3,0.0,0.0,0.0,0.0,0.0,v1_english
3. Инструменты обучения НС.tex,analytics, version_1,llama3.2_1b,prompt4,31.6,44.4,26.3,0.0,0.0,0.0,0.0,0.0,v1_english
1_Классификаторы_KNN_и_наивный_байес.tex,analytics, version_1,llama3.2_1b,prompt3,23.5,39.2,21.0,0.0,0.0,0.0,0.0,0.0,v1_english
3. Инструменты обучения НС.tex,analytics, version_1,llama3.2_1b,prompt3,23.5,39.2,21.0,0.0,0.0,0.0,0.0,0.0,v1_english
1_Классификаторы_KNN_и_наивный_байес.tex,analytics, version_1,llama3.2_1b,prompt2,28.8,38.2,29.1,0.0,0.0,0.0,0.0,0.0,v1_english
3. Инструменты обучения НС.tex,analytics, version_1,llama3.2_1b,prompt2,28.8,38.2,29.1,0.0,0.0,0.0,0.0,0.0,v1_english
1_Классификаторы_KNN_и_наивный_байес.tex,analytics, version_1,llama3.2_1b,prompt5,38.6,40.4,32.9,0.0,0.0,0.0,0.0,0.0,v1_english
3. Инструменты обучения НС.tex,analytics, version_1,llama3.2_1b,prompt5,38.6,40.4,32.9,0.0,0.0,0.0,0.0,0.0,v1_english
1_Классификаторы_KNN_и_наивный_байес.tex,analytics, version_1,llama3.2_1b,prompt12,27.3,42.3,26.8,0.0,0.0,0.0,0.0,0.0,v1_english
3. Инструменты обучения НС.tex,analytics, version_1,llama3.2_1b,prompt12,27.3,42.3,26.8,0.0,0.0,0.0,0.0,0.0,v1_english
1_Классификаторы_KNN_и_наивный_байес.tex,analytics, version_1,llama3.2_1b,prompt15,26.8,44.3,25.8,0.0,0.0,0.0,0.0,0.0,v1_english
3. Инструменты обучения НС.tex,analytics, version_1,llama3.2_1b,prompt15,26.8,44.3,25.8,0.0,0.0,0.0,0.0,0.0,v1_english
1_Классификаторы_KNN_и_наивный_байес.tex,analytics, version_1,llama3.2_1b,prompt10,29.2,44.0,27.4,0.0,0.0,0.0,0.0,0.0,v1_english
3. Инструменты обучения НС.tex,analytics, version_1,llama3.2_1b,prompt10,29.2,44.0,27.4,0.0,0.0,0.0,0.0,0.0,v1_english
1_Классификаторы_KNN_и_наивный_байес.tex,analytics, version_1,llama3.2_1b,prompt9,36.0,42.6,32.8,0.0,0.0,0.0,0.0,0.0,v1_english
3. Инструменты обучения НС.tex,analytics, version_1,llama3.2_1b,prompt9,36.0,42.6,32.8,0.0,0.0,0.0,0.0,0.0,v1_english
1_Классификаторы_KNN_и_наивный_байес.tex,analytics, version_1,llama3.2_1b,prompt7,25.6,49.7,28.1,0.0,0.0,0.0,0.0,0.0,v1_english
3. Инструменты обучения НС.tex,analytics, version_1,llama3.2_1b,prompt7,25.6,49.7,28.1,0.0,0.0,0.0,0.0,0.0,v1_english
1_Классификаторы_KNN_и_наивный_байес.tex,analytics, version_1,llama3.2_1b,prompt6,26.0,40.2,23.1,0.0,0.0,0.0,0.0,0.0,v1_english
3. Инструменты обучения НС.tex,analytics, version_1,llama3.2_1b,prompt6,26.0,40.2,23.1,0.0,0.0,0.0,0.0,0.0,v1_english
1_Классификаторы_KNN_и_наивный_байес.tex,analytics, version_1,llama3.2_1b,prompt1,38.6,38.8,34.5,0.0,0.0,0.0,0.0,0.0,v1_english
3. Инструменты обучения НС.tex,analytics, version_1,llama3.2_1b,prompt1,38.6,38.8,34.5,0.0,0.0,0.0,0.0,0.0,v1_english
1_Классификаторы_KNN_и_наивный_байес.tex,analytics, version_1,llama3.2_1b,prompt8,37.9,46.3,35.5,0.0,0.0,0.0,0.0,0.0,v1_english
3. Инструменты обучения НС.tex,analytics, version_1,llama3.2_1b,prompt8,37.9,46.3,35.5,0.0,0.0,0.0,0.0,0.0,v1_english
1_Классификаторы_KNN_и_наивный_байес.tex,analytics, version_1,llama3.2_1b,prompt11,32.6,36.8,28.4,0.0,0.0,0.0,0.0,0.0,v1_english
3. Инструменты обучения НС.tex,analytics, version_1,llama3.2_1b,prompt11,32.6,36.8,28.4,0.0,0.0,0.0,0.0,0.0,v1_english
1_Классификаторы_KNN_и_наивный_байес.tex,analytics, version_1,deepseek-r1_1.5b,prompt14,0.0,0.0,0.0,0.0,0.0,0.0,0.0,0.0,v1_english
3. Инструменты обучения НС.tex,analytics, version_1,deepseek-r1_1.5b,prompt14,0.0,0.0,0.0,0.0,0.0,0.0,0.0,0.0,v1_english
1_Классификаторы_KNN_и_наивный_байес.tex,analytics, version_1,deepseek-r1_1.5b,prompt13,0.0,0.0,0.0,0.0,0.0,0.0,0.0,0.0,v1_english
3. Инструменты обучения НС.tex,analytics, version_1,deepseek-r1_1.5b,prompt13,0.0,0.0,0.0,0.0,0.0,0.0,0.0,0.0,v1_english
1_Классификаторы_KNN_и_наивный_байес.tex,analytics, version_1,deepseek-r1_1.5b,prompt4,0.0,0.0,0.0,0.0,0.0,0.0,0.0,0.0,v1_english
3. Инструменты обучения НС.tex,analytics, version_1,deepseek-r1_1.5b,prompt4,0.0,0.0,0.0,0.0,0.0,0.0,0.0,0.0,v1_english
1_Классификаторы_KNN_и_наивный_байес.tex,analytics, version_1,deepseek-r1_1.5b,prompt3,0.0,0.0,0.0,0.0,0.0,0.0,0.0,0.0,v1_english
3. Инструменты обучения НС.tex,analytics, version_1,deepseek-r1_1.5b,prompt3,0.0,0.0,0.0,0.0,0.0,0.0,0.0,0.0,v1_english
1_Классификаторы_KNN_и_наивный_байес.tex,analytics, version_1,deepseek-r1_1.5b,prompt2,0.0,0.0,0.0,0.0,0.0,0.0,0.0,0.0,v1_english
3. Инструменты обучения НС.tex,analytics, version_1,deepseek-r1_1.5b,prompt2,0.0,0.0,0.0,0.0,0.0,0.0,0.0,0.0,v1_english
1_Классификаторы_KNN_и_наивный_байес.tex,analytics, version_1,deepseek-r1_1.5b,prompt5,0.0,0.0,0.0,0.0,0.0,0.0,0.0,0.0,v1_english
3. Инструменты обучения НС.tex,analytics, version_1,deepseek-r1_1.5b,prompt5,0.0,0.0,0.0,0.0,0.0,0.0,0.0,0.0,v1_english
1_Классификаторы_KNN_и_наивный_байес.tex,analytics, version_1,deepseek-r1_1.5b,prompt12,0.0,0.0,0.0,0.0,0.0,0.0,0.0,0.0,v1_english
3. Инструменты обучения НС.tex,analytics, version_1,deepseek-r1_1.5b,prompt12,0.0,0.0,0.0,0.0,0.0,0.0,0.0,0.0,v1_english
1_Классификаторы_KNN_и_наивный_байес.tex,analytics, version_1,deepseek-r1_1.5b,prompt15,0.0,0.0,0.0,0.0,0.0,0.0,0.0,0.0,v1_english
3. Инструменты обучения НС.tex,analytics, version_1,deepseek-r1_1.5b,prompt15,0.0,0.0,0.0,0.0,0.0,0.0,0.0,0.0,v1_english
1_Классификаторы_KNN_и_наивный_байес.tex,analytics, version_1,deepseek-r1_1.5b,prompt10,0.0,0.0,0.0,0.0,0.0,0.0,0.0,0.0,v1_english
3. Инструменты обучения НС.tex,analytics, version_1,deepseek-r1_1.5b,prompt10,0.0,0.0,0.0,0.0,0.0,0.0,0.0,0.0,v1_english
1_Классификаторы_KNN_и_наивный_байес.tex,analytics, version_1,deepseek-r1_1.5b,prompt9,0.0,0.0,0.0,0.0,0.0,0.0,0.0,0.0,v1_english
3. Инструменты обучения НС.tex,analytics, version_1,deepseek-r1_1.5b,prompt9,0.0,0.0,0.0,0.0,0.0,0.0,0.0,0.0,v1_english
1_Классификаторы_KNN_и_наивный_байес.tex,analytics, version_1,deepseek-r1_1.5b,prompt7,0.0,0.0,0.0,0.0,0.0,0.0,0.0,0.0,v1_english
3. Инструменты обучения НС.tex,analytics, version_1,deepseek-r1_1.5b,prompt7,0.0,0.0,0.0,0.0,0.0,0.0,0.0,0.0,v1_english
1_Классификаторы_KNN_и_наивный_байес.tex,analytics, version_1,deepseek-r1_1.5b,prompt6,0.0,0.0,0.0,0.0,0.0,0.0,0.0,0.0,v1_english
3. Инструменты обучения НС.tex,analytics, version_1,deepseek-r1_1.5b,prompt6,0.0,0.0,0.0,0.0,0.0,0.0,0.0,0.0,v1_english
1_Классификаторы_KNN_и_наивный_байес.tex,analytics, version_1,deepseek-r1_1.5b,prompt1,0.0,0.0,0.0,0.0,0.0,0.0,0.0,0.0,v1_english
3. Инструменты обучения НС.tex,analytics, version_1,deepseek-r1_1.5b,prompt1,0.0,0.0,0.0,0.0,0.0,0.0,0.0,0.0,v1_english
1_Классификаторы_KNN_и_наивный_байес.tex,analytics, version_1,deepseek-r1_1.5b,prompt8,0.0,0.0,0.0,0.0,0.0,0.0,0.0,0.0,v1_english
3. Инструменты обучения НС.tex,analytics, version_1,deepseek-r1_1.5b,prompt8,0.0,0.0,0.0,0.0,0.0,0.0,0.0,0.0,v1_english
1_Классификаторы_KNN_и_наивный_байес.tex,analytics, version_1,deepseek-r1_1.5b,prompt11,0.0,0.0,0.0,0.0,0.0,0.0,0.0,0.0,v1_english
3. Инструменты обучения НС.tex,analytics, version_1,deepseek-r1_1.5b,prompt11,0.0,0.0,0.0,0.0,0.0,0.0,0.0,0.0,v1_english
1_Классификаторы_KNN_и_наивный_байес.tex,analytics, version_1,granite3.2_2b,prompt14,9.5,28.4,10.5,0.0,0.0,0.0,0.0,0.0,v1_english
3. Инструменты обучения НС.tex,analytics, version_1,granite3.2_2b,prompt14,9.5,28.4,10.5,0.0,0.0,0.0,0.0,0.0,v1_english
1_Классификаторы_KNN_и_наивный_байес.tex,analytics, version_1,granite3.2_2b,prompt13,13.6,36.9,10.3,0.0,0.0,0.0,0.0,0.0,v1_english
3. Инструменты обучения НС.tex,analytics, version_1,granite3.2_2b,prompt13,13.6,36.9,10.3,0.0,0.0,0.0,0.0,0.0,v1_english
1_Классификаторы_KNN_и_наивный_байес.tex,analytics, version_1,granite3.2_2b,prompt4,5.8,17.9,4.6,0.0,0.0,0.0,0.0,0.0,v1_english
3. Инструменты обучения НС.tex,analytics, version_1,granite3.2_2b,prompt4,5.8,17.9,4.6,0.0,0.0,0.0,0.0,0.0,v1_english
1_Классификаторы_KNN_и_наивный_байес.tex,analytics, version_1,granite3.2_2b,prompt3,11.0,31.6,8.8,0.0,0.0,0.0,0.0,0.0,v1_english
3. Инструменты обучения НС.tex,analytics, version_1,granite3.2_2b,prompt3,11.0,31.6,8.8,0.0,0.0,0.0,0.0,0.0,v1_english
1_Классификаторы_KNN_и_наивный_байес.tex,analytics, version_1,granite3.2_2b,prompt2,7.5,29.8,8.0,0.0,0.0,0.0,0.0,0.0,v1_english
3. Инструменты обучения НС.tex,analytics, version_1,granite3.2_2b,prompt2,7.5,29.8,8.0,0.0,0.0,0.0,0.0,0.0,v1_english
1_Классификаторы_KNN_и_наивный_байес.tex,analytics, version_1,granite3.2_2b,prompt5,13.0,32.6,10.8,0.0,0.0,0.0,0.0,0.0,v1_english
3. Инструменты обучения НС.tex,analytics, version_1,granite3.2_2b,prompt5,13.0,32.6,10.8,0.0,0.0,0.0,0.0,0.0,v1_english
1_Классификаторы_KNN_и_наивный_байес.tex,analytics, version_1,granite3.2_2b,prompt12,12.5,34.9,11.7,0.0,0.0,0.0,0.0,0.0,v1_english
3. Инструменты обучения НС.tex,analytics, version_1,granite3.2_2b,prompt12,12.5,34.9,11.7,0.0,0.0,0.0,0.0,0.0,v1_english
1_Классификаторы_KNN_и_наивный_байес.tex,analytics, version_1,granite3.2_2b,prompt15,8.5,31.2,7.5,0.0,0.0,0.0,0.0,0.0,v1_english
3. Инструменты обучения НС.tex,analytics, version_1,granite3.2_2b,prompt15,8.5,31.2,7.5,0.0,0.0,0.0,0.0,0.0,v1_english
1_Классификаторы_KNN_и_наивный_байес.tex,analytics, version_1,granite3.2_2b,prompt10,8.3,29.0,7.7,0.0,0.0,0.0,0.0,0.0,v1_english
3. Инструменты обучения НС.tex,analytics, version_1,granite3.2_2b,prompt10,8.3,29.0,7.7,0.0,0.0,0.0,0.0,0.0,v1_english
1_Классификаторы_KNN_и_наивный_байес.tex,analytics, version_1,granite3.2_2b,prompt9,11.4,33.5,11.2,0.0,0.0,0.0,0.0,0.0,v1_english
3. Инструменты обучения НС.tex,analytics, version_1,granite3.2_2b,prompt9,11.4,33.5,11.2,0.0,0.0,0.0,0.0,0.0,v1_english
1_Классификаторы_KNN_и_наивный_байес.tex,analytics, version_1,granite3.2_2b,prompt7,4.1,30.3,4.4,0.0,0.0,0.0,0.0,0.0,v1_english
3. Инструменты обучения НС.tex,analytics, version_1,granite3.2_2b,prompt7,4.1,30.3,4.4,0.0,0.0,0.0,0.0,0.0,v1_english
1_Классификаторы_KNN_и_наивный_байес.tex,analytics, version_1,granite3.2_2b,prompt6,7.6,23.3,6.7,0.0,0.0,0.0,0.0,0.0,v1_english
3. Инструменты обучения НС.tex,analytics, version_1,granite3.2_2b,prompt6,7.6,23.3,6.7,0.0,0.0,0.0,0.0,0.0,v1_english
1_Классификаторы_KNN_и_наивный_байес.tex,analytics, version_1,granite3.2_2b,prompt1,7.4,31.0,7.5,0.0,0.0,0.0,0.0,0.0,v1_english
3. Инструменты обучения НС.tex,analytics, version_1,granite3.2_2b,prompt1,7.4,31.0,7.5,0.0,0.0,0.0,0.0,0.0,v1_english
1_Классификаторы_KNN_и_наивный_байес.tex,analytics, version_1,granite3.2_2b,prompt8,15.0,27.6,11.9,0.0,0.0,0.0,0.0,0.0,v1_english
3. Инструменты обучения НС.tex,analytics, version_1,granite3.2_2b,prompt8,15.0,27.6,11.9,0.0,0.0,0.0,0.0,0.0,v1_english
1_Классификаторы_KNN_и_наивный_байес.tex,analytics, version_1,granite3.2_2b,prompt11,15.8,30.8,15.8,0.0,0.0,0.0,0.0,0.0,v1_english
3. Инструменты обучения НС.tex,analytics, version_1,granite3.2_2b,prompt11,15.8,30.8,15.8,0.0,0.0,0.0,0.0,0.0,v1_english
1_Классификаторы_KNN_и_наивный_байес.tex,analytics, version_1,mistral_7b,prompt14,35.2,47.4,33.1,0.0,0.0,0.0,0.0,0.0,v1_english
3. Инструменты обучения НС.tex,analytics, version_1,mistral_7b,prompt14,35.2,47.4,33.1,0.0,0.0,0.0,0.0,0.0,v1_english
1_Классификаторы_KNN_и_наивный_байес.tex,analytics, version_1,mistral_7b,prompt13,43.1,52.1,41.8,0.0,0.0,0.0,0.0,0.0,v1_english
3. Инструменты обучения НС.tex,analytics, version_1,mistral_7b,prompt13,43.1,52.1,41.8,0.0,0.0,0.0,0.0,0.0,v1_english
1_Классификаторы_KNN_и_наивный_байес.tex,analytics, version_1,mistral_7b,prompt4,36.5,52.9,39.0,0.0,0.0,0.0,0.0,0.0,v1_english
3. Инструменты обучения НС.tex,analytics, version_1,mistral_7b,prompt4,36.5,52.9,39.0,0.0,0.0,0.0,0.0,0.0,v1_english
1_Классификаторы_KNN_и_наивный_байес.tex,analytics, version_1,mistral_7b,prompt3,32.9,55.1,37.8,0.0,0.0,0.0,0.0,0.0,v1_english
3. Инструменты обучения НС.tex,analytics, version_1,mistral_7b,prompt3,32.9,55.1,37.8,0.0,0.0,0.0,0.0,0.0,v1_english
1_Классификаторы_KNN_и_наивный_байес.tex,analytics, version_1,mistral_7b,prompt2,49.1,50.5,44.6,0.0,0.0,0.0,0.0,0.0,v1_english
3. Инструменты обучения НС.tex,analytics, version_1,mistral_7b,prompt2,49.1,50.5,44.6,0.0,0.0,0.0,0.0,0.0,v1_english
1_Классификаторы_KNN_и_наивный_байес.tex,analytics, version_1,mistral_7b,prompt5,47.8,47.9,43.4,0.0,0.0,0.0,0.0,0.0,v1_english
3. Инструменты обучения НС.tex,analytics, version_1,mistral_7b,prompt5,47.8,47.9,43.4,0.0,0.0,0.0,0.0,0.0,v1_english
1_Классификаторы_KNN_и_наивный_байес.tex,analytics, version_1,mistral_7b,prompt12,47.1,52.5,41.5,0.0,0.0,0.0,0.0,0.0,v1_english
3. Инструменты обучения НС.tex,analytics, version_1,mistral_7b,prompt12,47.1,52.5,41.5,0.0,0.0,0.0,0.0,0.0,v1_english
1_Классификаторы_KNN_и_наивный_байес.tex,analytics, version_1,mistral_7b,prompt15,40.1,60.3,42.0,0.0,0.0,0.0,0.0,0.0,v1_english
3. Инструменты обучения НС.tex,analytics, version_1,mistral_7b,prompt15,40.1,60.3,42.0,0.0,0.0,0.0,0.0,0.0,v1_english
1_Классификаторы_KNN_и_наивный_байес.tex,analytics, version_1,mistral_7b,prompt10,44.4,53.4,42.7,0.0,0.0,0.0,0.0,0.0,v1_english
3. Инструменты обучения НС.tex,analytics, version_1,mistral_7b,prompt10,44.4,53.4,42.7,0.0,0.0,0.0,0.0,0.0,v1_english
1_Классификаторы_KNN_и_наивный_байес.tex,analytics, version_1,mistral_7b,prompt9,44.1,49.2,39.5,0.0,0.0,0.0,0.0,0.0,v1_english
3. Инструменты обучения НС.tex,analytics, version_1,mistral_7b,prompt9,44.1,49.2,39.5,0.0,0.0,0.0,0.0,0.0,v1_english
1_Классификаторы_KNN_и_наивный_байес.tex,analytics, version_1,mistral_7b,prompt7,33.6,51.6,34.2,0.0,0.0,0.0,0.0,0.0,v1_english
3. Инструменты обучения НС.tex,analytics, version_1,mistral_7b,prompt7,33.6,51.6,34.2,0.0,0.0,0.0,0.0,0.0,v1_english
1_Классификаторы_KNN_и_наивный_байес.tex,analytics, version_1,mistral_7b,prompt6,43.2,55.4,41.8,0.0,0.0,0.0,0.0,0.0,v1_english
3. Инструменты обучения НС.tex,analytics, version_1,mistral_7b,prompt6,43.2,55.4,41.8,0.0,0.0,0.0,0.0,0.0,v1_english
1_Классификаторы_KNN_и_наивный_байес.tex,analytics, version_1,mistral_7b,prompt1,50.1,55.4,48.6,0.0,0.0,0.0,0.0,0.0,v1_english
3. Инструменты обучения НС.tex,analytics, version_1,mistral_7b,prompt1,50.1,55.4,48.6,0.0,0.0,0.0,0.0,0.0,v1_english
1_Классификаторы_KNN_и_наивный_байес.tex,analytics, version_1,mistral_7b,prompt8,42.7,55.9,39.3,0.0,0.0,0.0,0.0,0.0,v1_english
3. Инструменты обучения НС.tex,analytics, version_1,mistral_7b,prompt8,42.7,55.9,39.3,0.0,0.0,0.0,0.0,0.0,v1_english
1_Классификаторы_KNN_и_наивный_байес.tex,analytics, version_1,mistral_7b,prompt11,37.8,53.9,37.0,0.0,0.0,0.0,0.0,0.0,v1_english
3. Инструменты обучения НС.tex,analytics, version_1,mistral_7b,prompt11,37.8,53.9,37.0,0.0,0.0,0.0,0.0,0.0,v1_english
1_Классификаторы_KNN_и_наивный_байес.tex,analytics,version_2,gemma3_4b,prompt14,46.1,60.5,47.2,0.0,0.0,0.0,0.0,0.0,v2_russian
3. Инструменты обучения НС.tex,analytics,version_2,gemma3_4b,prompt14,46.1,60.5,47.2,0.0,0.0,0.0,0.0,0.0,v2_russian
1_Классификаторы_KNN_и_наивный_байес.tex,analytics,version_2,gemma3_4b,prompt13,44.2,61.0,47.9,0.0,0.0,0.0,0.0,0.0,v2_russian
3. Инструменты обучения НС.tex,analytics,version_2,gemma3_4b,prompt13,44.2,61.0,47.9,0.0,0.0,0.0,0.0,0.0,v2_russian
1_Классификаторы_KNN_и_наивный_байес.tex,analytics,version_2,gemma3_4b,prompt4,44.6,51.2,43.1,0.0,0.0,0.0,0.0,0.0,v2_russian
3. Инструменты обучения НС.tex,analytics,version_2,gemma3_4b,prompt4,44.6,51.2,43.1,0.0,0.0,0.0,0.0,0.0,v2_russian
1_Классификаторы_KNN_и_наивный_байес.tex,analytics,version_2,gemma3_4b,prompt3,44.5,52.6,46.0,0.0,0.0,0.0,0.0,0.0,v2_russian
3. Инструменты обучения НС.tex,analytics,version_2,gemma3_4b,prompt3,44.5,52.6,46.0,0.0,0.0,0.0,0.0,0.0,v2_russian
1_Классификаторы_KNN_и_наивный_байес.tex,analytics,version_2,gemma3_4b,prompt2,50.7,55.7,49.4,0.0,0.0,0.0,0.0,0.0,v2_russian
3. Инструменты обучения НС.tex,analytics,version_2,gemma3_4b,prompt2,50.7,55.7,49.4,0.0,0.0,0.0,0.0,0.0,v2_russian
1_Классификаторы_KNN_и_наивный_байес.tex,analytics,version_2,gemma3_4b,prompt5,42.6,56.8,44.9,0.0,0.0,0.0,0.0,0.0,v2_russian
3. Инструменты обучения НС.tex,analytics,version_2,gemma3_4b,prompt5,42.6,56.8,44.9,0.0,0.0,0.0,0.0,0.0,v2_russian
1_Классификаторы_KNN_и_наивный_байес.tex,analytics,version_2,gemma3_4b,prompt12,47.7,60.8,48.7,0.0,0.0,0.0,0.0,0.0,v2_russian
3. Инструменты обучения НС.tex,analytics,version_2,gemma3_4b,prompt12,47.7,60.8,48.7,0.0,0.0,0.0,0.0,0.0,v2_russian
1_Классификаторы_KNN_и_наивный_байес.tex,analytics,version_2,gemma3_4b,prompt15,52.0,57.1,50.2,0.0,0.0,0.0,0.0,0.0,v2_russian
3. Инструменты обучения НС.tex,analytics,version_2,gemma3_4b,prompt15,52.0,57.1,50.2,0.0,0.0,0.0,0.0,0.0,v2_russian
1_Классификаторы_KNN_и_наивный_байес.tex,analytics,version_2,gemma3_4b,prompt10,44.3,62.1,47.8,0.0,0.0,0.0,0.0,0.0,v2_russian
3. Инструменты обучения НС.tex,analytics,version_2,gemma3_4b,prompt10,44.3,62.1,47.8,0.0,0.0,0.0,0.0,0.0,v2_russian
1_Классификаторы_KNN_и_наивный_байес.tex,analytics,version_2,gemma3_4b,prompt9,46.6,55.6,48.0,0.0,0.0,0.0,0.0,0.0,v2_russian
3. Инструменты обучения НС.tex,analytics,version_2,gemma3_4b,prompt9,46.6,55.6,48.0,0.0,0.0,0.0,0.0,0.0,v2_russian
1_Классификаторы_KNN_и_наивный_байес.tex,analytics,version_2,gemma3_4b,prompt7,40.0,53.5,42.1,0.0,0.0,0.0,0.0,0.0,v2_russian
3. Инструменты обучения НС.tex,analytics,version_2,gemma3_4b,prompt7,40.0,53.5,42.1,0.0,0.0,0.0,0.0,0.0,v2_russian
1_Классификаторы_KNN_и_наивный_байес.tex,analytics,version_2,gemma3_4b,prompt6,51.2,47.4,42.3,0.0,0.0,0.0,0.0,0.0,v2_russian
3. Инструменты обучения НС.tex,analytics,version_2,gemma3_4b,prompt6,51.2,47.4,42.3,0.0,0.0,0.0,0.0,0.0,v2_russian
1_Классификаторы_KNN_и_наивный_байес.tex,analytics,version_2,gemma3_4b,prompt1,45.6,50.0,44.0,0.0,0.0,0.0,0.0,0.0,v2_russian
3. Инструменты обучения НС.tex,analytics,version_2,gemma3_4b,prompt1,45.6,50.0,44.0,0.0,0.0,0.0,0.0,0.0,v2_russian
1_Классификаторы_KNN_и_наивный_байес.tex,analytics,version_2,gemma3_4b,prompt8,57.9,46.5,45.3,0.0,0.0,0.0,0.0,0.0,v2_russian
3. Инструменты обучения НС.tex,analytics,version_2,gemma3_4b,prompt8,57.9,46.5,45.3,0.0,0.0,0.0,0.0,0.0,v2_russian
1_Классификаторы_KNN_и_наивный_байес.tex,analytics,version_2,gemma3_4b,prompt11,53.3,58.7,53.0,0.0,0.0,0.0,0.0,0.0,v2_russian
3. Инструменты обучения НС.tex,analytics,version_2,gemma3_4b,prompt11,53.3,58.7,53.0,0.0,0.0,0.0,0.0,0.0,v2_russian
1_Классификаторы_KNN_и_наивный_байес.tex,analytics,version_2,phi4-mini_3.8b,prompt14,54.0,53.9,42.3,0.0,0.0,0.0,0.0,0.0,v2_russian
3. Инструменты обучения НС.tex,analytics,version_2,phi4-mini_3.8b,prompt14,54.0,53.9,42.3,0.0,0.0,0.0,0.0,0.0,v2_russian
1_Классификаторы_KNN_и_наивный_байес.tex,analytics,version_2,phi4-mini_3.8b,prompt13,51.6,61.2,49.5,0.0,0.0,0.0,0.0,0.0,v2_russian
3. Инструменты обучения НС.tex,analytics,version_2,phi4-mini_3.8b,prompt13,51.6,61.2,49.5,0.0,0.0,0.0,0.0,0.0,v2_russian
1_Классификаторы_KNN_и_наивный_байес.tex,analytics,version_2,phi4-mini_3.8b,prompt4,47.2,58.1,42.5,0.0,0.0,0.0,0.0,0.0,v2_russian
3. Инструменты обучения НС.tex,analytics,version_2,phi4-mini_3.8b,prompt4,47.2,58.1,42.5,0.0,0.0,0.0,0.0,0.0,v2_russian
1_Классификаторы_KNN_и_наивный_байес.tex,analytics,version_2,phi4-mini_3.8b,prompt3,60.9,56.0,49.5,0.0,0.0,0.0,0.0,0.0,v2_russian
3. Инструменты обучения НС.tex,analytics,version_2,phi4-mini_3.8b,prompt3,60.9,56.0,49.5,0.0,0.0,0.0,0.0,0.0,v2_russian
1_Классификаторы_KNN_и_наивный_байес.tex,analytics,version_2,phi4-mini_3.8b,prompt2,51.8,56.4,41.3,0.0,0.0,0.0,0.0,0.0,v2_russian
3. Инструменты обучения НС.tex,analytics,version_2,phi4-mini_3.8b,prompt2,51.8,56.4,41.3,0.0,0.0,0.0,0.0,0.0,v2_russian
1_Классификаторы_KNN_и_наивный_байес.tex,analytics,version_2,phi4-mini_3.8b,prompt5,52.5,52.7,41.5,0.0,0.0,0.0,0.0,0.0,v2_russian
3. Инструменты обучения НС.tex,analytics,version_2,phi4-mini_3.8b,prompt5,52.5,52.7,41.5,0.0,0.0,0.0,0.0,0.0,v2_russian
1_Классификаторы_KNN_и_наивный_байес.tex,analytics,version_2,phi4-mini_3.8b,prompt12,55.4,57.8,47.3,0.0,0.0,0.0,0.0,0.0,v2_russian
3. Инструменты обучения НС.tex,analytics,version_2,phi4-mini_3.8b,prompt12,55.4,57.8,47.3,0.0,0.0,0.0,0.0,0.0,v2_russian
1_Классификаторы_KNN_и_наивный_байес.tex,analytics,version_2,phi4-mini_3.8b,prompt15,38.9,58.9,36.9,0.0,0.0,0.0,0.0,0.0,v2_russian
3. Инструменты обучения НС.tex,analytics,version_2,phi4-mini_3.8b,prompt15,38.9,58.9,36.9,0.0,0.0,0.0,0.0,0.0,v2_russian
1_Классификаторы_KNN_и_наивный_байес.tex,analytics,version_2,phi4-mini_3.8b,prompt10,45.7,62.3,41.2,0.0,0.0,0.0,0.0,0.0,v2_russian
3. Инструменты обучения НС.tex,analytics,version_2,phi4-mini_3.8b,prompt10,45.7,62.3,41.2,0.0,0.0,0.0,0.0,0.0,v2_russian
1_Классификаторы_KNN_и_наивный_байес.tex,analytics,version_2,phi4-mini_3.8b,prompt9,53.5,65.5,46.3,0.0,0.0,0.0,0.0,0.0,v2_russian
3. Инструменты обучения НС.tex,analytics,version_2,phi4-mini_3.8b,prompt9,53.5,65.5,46.3,0.0,0.0,0.0,0.0,0.0,v2_russian
1_Классификаторы_KNN_и_наивный_байес.tex,analytics,version_2,phi4-mini_3.8b,prompt7,42.3,50.0,37.0,0.0,0.0,0.0,0.0,0.0,v2_russian
3. Инструменты обучения НС.tex,analytics,version_2,phi4-mini_3.8b,prompt7,42.3,50.0,37.0,0.0,0.0,0.0,0.0,0.0,v2_russian
1_Классификаторы_KNN_и_наивный_байес.tex,analytics,version_2,phi4-mini_3.8b,prompt6,53.9,55.0,43.9,0.0,0.0,0.0,0.0,0.0,v2_russian
3. Инструменты обучения НС.tex,analytics,version_2,phi4-mini_3.8b,prompt6,53.9,55.0,43.9,0.0,0.0,0.0,0.0,0.0,v2_russian
1_Классификаторы_KNN_и_наивный_байес.tex,analytics,version_2,phi4-mini_3.8b,prompt1,59.8,61.3,51.2,0.0,0.0,0.0,0.0,0.0,v2_russian
3. Инструменты обучения НС.tex,analytics,version_2,phi4-mini_3.8b,prompt1,59.8,61.3,51.2,0.0,0.0,0.0,0.0,0.0,v2_russian
1_Классификаторы_KNN_и_наивный_байес.tex,analytics,version_2,phi4-mini_3.8b,prompt8,55.5,60.9,47.9,0.0,0.0,0.0,0.0,0.0,v2_russian
3. Инструменты обучения НС.tex,analytics,version_2,phi4-mini_3.8b,prompt8,55.5,60.9,47.9,0.0,0.0,0.0,0.0,0.0,v2_russian
1_Классификаторы_KNN_и_наивный_байес.tex,analytics,version_2,phi4-mini_3.8b,prompt11,55.7,63.6,48.3,0.0,0.0,0.0,0.0,0.0,v2_russian
3. Инструменты обучения НС.tex,analytics,version_2,phi4-mini_3.8b,prompt11,55.7,63.6,48.3,0.0,0.0,0.0,0.0,0.0,v2_russian
1_Классификаторы_KNN_и_наивный_байес.tex,analytics,version_2,llama3.2_1b,prompt14,32.4,37.3,27.7,0.0,0.0,0.0,0.0,0.0,v2_russian
3. Инструменты обучения НС.tex,analytics,version_2,llama3.2_1b,prompt14,32.4,37.3,27.7,0.0,0.0,0.0,0.0,0.0,v2_russian
1_Классификаторы_KNN_и_наивный_байес.tex,analytics,version_2,llama3.2_1b,prompt13,38.6,39.3,32.4,0.0,0.0,0.0,0.0,0.0,v2_russian
3. Инструменты обучения НС.tex,analytics,version_2,llama3.2_1b,prompt13,38.6,39.3,32.4,0.0,0.0,0.0,0.0,0.0,v2_russian
1_Классификаторы_KNN_и_наивный_байес.tex,analytics,version_2,llama3.2_1b,prompt4,40.2,43.3,33.4,0.0,0.0,0.0,0.0,0.0,v2_russian
3. Инструменты обучения НС.tex,analytics,version_2,llama3.2_1b,prompt4,40.2,43.3,33.4,0.0,0.0,0.0,0.0,0.0,v2_russian
1_Классификаторы_KNN_и_наивный_байес.tex,analytics,version_2,llama3.2_1b,prompt3,32.3,39.0,29.7,0.0,0.0,0.0,0.0,0.0,v2_russian
3. Инструменты обучения НС.tex,analytics,version_2,llama3.2_1b,prompt3,32.3,39.0,29.7,0.0,0.0,0.0,0.0,0.0,v2_russian
1_Классификаторы_KNN_и_наивный_байес.tex,analytics,version_2,llama3.2_1b,prompt2,38.7,43.4,36.5,0.0,0.0,0.0,0.0,0.0,v2_russian
3. Инструменты обучения НС.tex,analytics,version_2,llama3.2_1b,prompt2,38.7,43.4,36.5,0.0,0.0,0.0,0.0,0.0,v2_russian
1_Классификаторы_KNN_и_наивный_байес.tex,analytics,version_2,llama3.2_1b,prompt5,36.0,41.5,31.5,0.0,0.0,0.0,0.0,0.0,v2_russian
3. Инструменты обучения НС.tex,analytics,version_2,llama3.2_1b,prompt5,36.0,41.5,31.5,0.0,0.0,0.0,0.0,0.0,v2_russian
1_Классификаторы_KNN_и_наивный_байес.tex,analytics,version_2,llama3.2_1b,prompt12,34.3,42.5,33.7,0.0,0.0,0.0,0.0,0.0,v2_russian
3. Инструменты обучения НС.tex,analytics,version_2,llama3.2_1b,prompt12,34.3,42.5,33.7,0.0,0.0,0.0,0.0,0.0,v2_russian
1_Классификаторы_KNN_и_наивный_байес.tex,analytics,version_2,llama3.2_1b,prompt15,32.0,42.5,29.0,0.0,0.0,0.0,0.0,0.0,v2_russian
3. Инструменты обучения НС.tex,analytics,version_2,llama3.2_1b,prompt15,32.0,42.5,29.0,0.0,0.0,0.0,0.0,0.0,v2_russian
1_Классификаторы_KNN_и_наивный_байес.tex,analytics,version_2,llama3.2_1b,prompt10,37.9,42.2,32.8,0.0,0.0,0.0,0.0,0.0,v2_russian
3. Инструменты обучения НС.tex,analytics,version_2,llama3.2_1b,prompt10,37.9,42.2,32.8,0.0,0.0,0.0,0.0,0.0,v2_russian
1_Классификаторы_KNN_и_наивный_байес.tex,analytics,version_2,llama3.2_1b,prompt9,34.7,39.0,32.6,0.0,0.0,0.0,0.0,0.0,v2_russian
3. Инструменты обучения НС.tex,analytics,version_2,llama3.2_1b,prompt9,34.7,39.0,32.6,0.0,0.0,0.0,0.0,0.0,v2_russian
1_Классификаторы_KNN_и_наивный_байес.tex,analytics,version_2,llama3.2_1b,prompt7,24.9,39.3,25.8,0.0,0.0,0.0,0.0,0.0,v2_russian
3. Инструменты обучения НС.tex,analytics,version_2,llama3.2_1b,prompt7,24.9,39.3,25.8,0.0,0.0,0.0,0.0,0.0,v2_russian
1_Классификаторы_KNN_и_наивный_байес.tex,analytics,version_2,llama3.2_1b,prompt6,37.0,43.2,34.7,0.0,0.0,0.0,0.0,0.0,v2_russian
3. Инструменты обучения НС.tex,analytics,version_2,llama3.2_1b,prompt6,37.0,43.2,34.7,0.0,0.0,0.0,0.0,0.0,v2_russian
1_Классификаторы_KNN_и_наивный_байес.tex,analytics,version_2,llama3.2_1b,prompt1,35.9,40.7,33.3,0.0,0.0,0.0,0.0,0.0,v2_russian
3. Инструменты обучения НС.tex,analytics,version_2,llama3.2_1b,prompt1,35.9,40.7,33.3,0.0,0.0,0.0,0.0,0.0,v2_russian
1_Классификаторы_KNN_и_наивный_байес.tex,analytics,version_2,llama3.2_1b,prompt8,35.0,31.6,28.1,0.0,0.0,0.0,0.0,0.0,v2_russian
3. Инструменты обучения НС.tex,analytics,version_2,llama3.2_1b,prompt8,35.0,31.6,28.1,0.0,0.0,0.0,0.0,0.0,v2_russian
1_Классификаторы_KNN_и_наивный_байес.tex,analytics,version_2,llama3.2_1b,prompt11,35.9,39.2,30.5,0.0,0.0,0.0,0.0,0.0,v2_russian
3. Инструменты обучения НС.tex,analytics,version_2,llama3.2_1b,prompt11,35.9,39.2,30.5,0.0,0.0,0.0,0.0,0.0,v2_russian
1_Классификаторы_KNN_и_наивный_байес.tex,analytics,version_2,deepseek-r1_1.5b,prompt14,0.0,0.0,0.0,0.0,0.0,0.0,0.0,0.0,v2_russian
3. Инструменты обучения НС.tex,analytics,version_2,deepseek-r1_1.5b,prompt14,0.0,0.0,0.0,0.0,0.0,0.0,0.0,0.0,v2_russian
1_Классификаторы_KNN_и_наивный_байес.tex,analytics,version_2,deepseek-r1_1.5b,prompt13,0.0,0.0,0.0,0.0,0.0,0.0,0.0,0.0,v2_russian
3. Инструменты обучения НС.tex,analytics,version_2,deepseek-r1_1.5b,prompt13,0.0,0.0,0.0,0.0,0.0,0.0,0.0,0.0,v2_russian
1_Классификаторы_KNN_и_наивный_байес.tex,analytics,version_2,deepseek-r1_1.5b,prompt4,0.0,0.0,0.0,0.0,0.0,0.0,0.0,0.0,v2_russian
3. Инструменты обучения НС.tex,analytics,version_2,deepseek-r1_1.5b,prompt4,0.0,0.0,0.0,0.0,0.0,0.0,0.0,0.0,v2_russian
1_Классификаторы_KNN_и_наивный_байес.tex,analytics,version_2,deepseek-r1_1.5b,prompt3,0.0,0.0,0.0,0.0,0.0,0.0,0.0,0.0,v2_russian
3. Инструменты обучения НС.tex,analytics,version_2,deepseek-r1_1.5b,prompt3,0.0,0.0,0.0,0.0,0.0,0.0,0.0,0.0,v2_russian
1_Классификаторы_KNN_и_наивный_байес.tex,analytics,version_2,deepseek-r1_1.5b,prompt2,0.0,0.0,0.0,0.0,0.0,0.0,0.0,0.0,v2_russian
3. Инструменты обучения НС.tex,analytics,version_2,deepseek-r1_1.5b,prompt2,0.0,0.0,0.0,0.0,0.0,0.0,0.0,0.0,v2_russian
1_Классификаторы_KNN_и_наивный_байес.tex,analytics,version_2,deepseek-r1_1.5b,prompt5,0.0,0.0,0.0,0.0,0.0,0.0,0.0,0.0,v2_russian
3. Инструменты обучения НС.tex,analytics,version_2,deepseek-r1_1.5b,prompt5,0.0,0.0,0.0,0.0,0.0,0.0,0.0,0.0,v2_russian
1_Классификаторы_KNN_и_наивный_байес.tex,analytics,version_2,deepseek-r1_1.5b,prompt12,0.0,0.0,0.0,0.0,0.0,0.0,0.0,0.0,v2_russian
3. Инструменты обучения НС.tex,analytics,version_2,deepseek-r1_1.5b,prompt12,0.0,0.0,0.0,0.0,0.0,0.0,0.0,0.0,v2_russian
1_Классификаторы_KNN_и_наивный_байес.tex,analytics,version_2,deepseek-r1_1.5b,prompt15,0.0,0.0,0.0,0.0,0.0,0.0,0.0,0.0,v2_russian
3. Инструменты обучения НС.tex,analytics,version_2,deepseek-r1_1.5b,prompt15,0.0,0.0,0.0,0.0,0.0,0.0,0.0,0.0,v2_russian
1_Классификаторы_KNN_и_наивный_байес.tex,analytics,version_2,deepseek-r1_1.5b,prompt10,0.0,0.0,0.0,0.0,0.0,0.0,0.0,0.0,v2_russian
3. Инструменты обучения НС.tex,analytics,version_2,deepseek-r1_1.5b,prompt10,0.0,0.0,0.0,0.0,0.0,0.0,0.0,0.0,v2_russian
1_Классификаторы_KNN_и_наивный_байес.tex,analytics,version_2,deepseek-r1_1.5b,prompt9,0.0,0.0,0.0,0.0,0.0,0.0,0.0,0.0,v2_russian
3. Инструменты обучения НС.tex,analytics,version_2,deepseek-r1_1.5b,prompt9,0.0,0.0,0.0,0.0,0.0,0.0,0.0,0.0,v2_russian
1_Классификаторы_KNN_и_наивный_байес.tex,analytics,version_2,deepseek-r1_1.5b,prompt7,0.0,0.0,0.0,0.0,0.0,0.0,0.0,0.0,v2_russian
3. Инструменты обучения НС.tex,analytics,version_2,deepseek-r1_1.5b,prompt7,0.0,0.0,0.0,0.0,0.0,0.0,0.0,0.0,v2_russian
1_Классификаторы_KNN_и_наивный_байес.tex,analytics,version_2,deepseek-r1_1.5b,prompt6,0.0,0.0,0.0,0.0,0.0,0.0,0.0,0.0,v2_russian
3. Инструменты обучения НС.tex,analytics,version_2,deepseek-r1_1.5b,prompt6,0.0,0.0,0.0,0.0,0.0,0.0,0.0,0.0,v2_russian
1_Классификаторы_KNN_и_наивный_байес.tex,analytics,version_2,deepseek-r1_1.5b,prompt1,0.0,0.0,0.0,0.0,0.0,0.0,0.0,0.0,v2_russian
3. Инструменты обучения НС.tex,analytics,version_2,deepseek-r1_1.5b,prompt1,0.0,0.0,0.0,0.0,0.0,0.0,0.0,0.0,v2_russian
1_Классификаторы_KNN_и_наивный_байес.tex,analytics,version_2,deepseek-r1_1.5b,prompt8,0.0,0.0,0.0,0.0,0.0,0.0,0.0,0.0,v2_russian
3. Инструменты обучения НС.tex,analytics,version_2,deepseek-r1_1.5b,prompt8,0.0,0.0,0.0,0.0,0.0,0.0,0.0,0.0,v2_russian
1_Классификаторы_KNN_и_наивный_байес.tex,analytics,version_2,deepseek-r1_1.5b,prompt11,0.0,0.0,0.0,0.0,0.0,0.0,0.0,0.0,v2_russian
3. Инструменты обучения НС.tex,analytics,version_2,deepseek-r1_1.5b,prompt11,0.0,0.0,0.0,0.0,0.0,0.0,0.0,0.0,v2_russian
1_Классификаторы_KNN_и_наивный_байес.tex,analytics,version_2,granite3.2_2b,prompt14,8.5,23.6,6.1,0.0,0.0,0.0,0.0,0.0,v2_russian
3. Инструменты обучения НС.tex,analytics,version_2,granite3.2_2b,prompt14,8.5,23.6,6.1,0.0,0.0,0.0,0.0,0.0,v2_russian
1_Классификаторы_KNN_и_наивный_байес.tex,analytics,version_2,granite3.2_2b,prompt13,6.6,31.5,7.1,0.0,0.0,0.0,0.0,0.0,v2_russian
3. Инструменты обучения НС.tex,analytics,version_2,granite3.2_2b,prompt13,6.6,31.5,7.1,0.0,0.0,0.0,0.0,0.0,v2_russian
1_Классификаторы_KNN_и_наивный_байес.tex,analytics,version_2,granite3.2_2b,prompt4,6.1,20.4,4.1,0.0,0.0,0.0,0.0,0.0,v2_russian
3. Инструменты обучения НС.tex,analytics,version_2,granite3.2_2b,prompt4,6.1,20.4,4.1,0.0,0.0,0.0,0.0,0.0,v2_russian
1_Классификаторы_KNN_и_наивный_байес.tex,analytics,version_2,granite3.2_2b,prompt3,7.5,21.8,7.0,0.0,0.0,0.0,0.0,0.0,v2_russian
3. Инструменты обучения НС.tex,analytics,version_2,granite3.2_2b,prompt3,7.5,21.8,7.0,0.0,0.0,0.0,0.0,0.0,v2_russian
1_Классификаторы_KNN_и_наивный_байес.tex,analytics,version_2,granite3.2_2b,prompt2,5.8,19.5,7.2,0.0,0.0,0.0,0.0,0.0,v2_russian
3. Инструменты обучения НС.tex,analytics,version_2,granite3.2_2b,prompt2,5.8,19.5,7.2,0.0,0.0,0.0,0.0,0.0,v2_russian
1_Классификаторы_KNN_и_наивный_байес.tex,analytics,version_2,granite3.2_2b,prompt5,3.5,24.2,4.2,0.0,0.0,0.0,0.0,0.0,v2_russian
3. Инструменты обучения НС.tex,analytics,version_2,granite3.2_2b,prompt5,3.5,24.2,4.2,0.0,0.0,0.0,0.0,0.0,v2_russian
1_Классификаторы_KNN_и_наивный_байес.tex,analytics,version_2,granite3.2_2b,prompt12,10.2,23.0,10.7,0.0,0.0,0.0,0.0,0.0,v2_russian
3. Инструменты обучения НС.tex,analytics,version_2,granite3.2_2b,prompt12,10.2,23.0,10.7,0.0,0.0,0.0,0.0,0.0,v2_russian
1_Классификаторы_KNN_и_наивный_байес.tex,analytics,version_2,granite3.2_2b,prompt15,2.6,20.0,2.9,0.0,0.0,0.0,0.0,0.0,v2_russian
3. Инструменты обучения НС.tex,analytics,version_2,granite3.2_2b,prompt15,2.6,20.0,2.9,0.0,0.0,0.0,0.0,0.0,v2_russian
1_Классификаторы_KNN_и_наивный_байес.tex,analytics,version_2,granite3.2_2b,prompt10,15.7,20.6,10.3,0.0,0.0,0.0,0.0,0.0,v2_russian
3. Инструменты обучения НС.tex,analytics,version_2,granite3.2_2b,prompt10,15.7,20.6,10.3,0.0,0.0,0.0,0.0,0.0,v2_russian
1_Классификаторы_KNN_и_наивный_байес.tex,analytics,version_2,granite3.2_2b,prompt9,6.8,27.3,5.7,0.0,0.0,0.0,0.0,0.0,v2_russian
3. Инструменты обучения НС.tex,analytics,version_2,granite3.2_2b,prompt9,6.8,27.3,5.7,0.0,0.0,0.0,0.0,0.0,v2_russian
1_Классификаторы_KNN_и_наивный_байес.tex,analytics,version_2,granite3.2_2b,prompt7,5.6,29.2,5.9,0.0,0.0,0.0,0.0,0.0,v2_russian
3. Инструменты обучения НС.tex,analytics,version_2,granite3.2_2b,prompt7,5.6,29.2,5.9,0.0,0.0,0.0,0.0,0.0,v2_russian
1_Классификаторы_KNN_и_наивный_байес.tex,analytics,version_2,granite3.2_2b,prompt6,7.5,29.4,6.0,0.0,0.0,0.0,0.0,0.0,v2_russian
3. Инструменты обучения НС.tex,analytics,version_2,granite3.2_2b,prompt6,7.5,29.4,6.0,0.0,0.0,0.0,0.0,0.0,v2_russian
1_Классификаторы_KNN_и_наивный_байес.tex,analytics,version_2,granite3.2_2b,prompt1,9.9,29.6,9.9,0.0,0.0,0.0,0.0,0.0,v2_russian
3. Инструменты обучения НС.tex,analytics,version_2,granite3.2_2b,prompt1,9.9,29.6,9.9,0.0,0.0,0.0,0.0,0.0,v2_russian
1_Классификаторы_KNN_и_наивный_байес.tex,analytics,version_2,granite3.2_2b,prompt8,8.7,24.7,6.7,0.0,0.0,0.0,0.0,0.0,v2_russian
3. Инструменты обучения НС.tex,analytics,version_2,granite3.2_2b,prompt8,8.7,24.7,6.7,0.0,0.0,0.0,0.0,0.0,v2_russian
1_Классификаторы_KNN_и_наивный_байес.tex,analytics,version_2,granite3.2_2b,prompt11,16.2,24.3,9.8,0.0,0.0,0.0,0.0,0.0,v2_russian
3. Инструменты обучения НС.tex,analytics,version_2,granite3.2_2b,prompt11,16.2,24.3,9.8,0.0,0.0,0.0,0.0,0.0,v2_russian
1_Классификаторы_KNN_и_наивный_байес.tex,analytics,version_2,mistral_7b,prompt14,35.6,46.9,34.2,0.0,0.0,0.0,0.0,0.0,v2_russian
3. Инструменты обучения НС.tex,analytics,version_2,mistral_7b,prompt14,35.6,46.9,34.2,0.0,0.0,0.0,0.0,0.0,v2_russian
1_Классификаторы_KNN_и_наивный_байес.tex,analytics,version_2,mistral_7b,prompt13,41.1,52.8,41.1,0.0,0.0,0.0,0.0,0.0,v2_russian
3. Инструменты обучения НС.tex,analytics,version_2,mistral_7b,prompt13,41.1,52.8,41.1,0.0,0.0,0.0,0.0,0.0,v2_russian
1_Классификаторы_KNN_и_наивный_байес.tex,analytics,version_2,mistral_7b,prompt4,37.5,57.1,38.5,0.0,0.0,0.0,0.0,0.0,v2_russian
3. Инструменты обучения НС.tex,analytics,version_2,mistral_7b,prompt4,37.5,57.1,38.5,0.0,0.0,0.0,0.0,0.0,v2_russian
1_Классификаторы_KNN_и_наивный_байес.tex,analytics,version_2,mistral_7b,prompt3,38.2,52.5,37.6,0.0,0.0,0.0,0.0,0.0,v2_russian
3. Инструменты обучения НС.tex,analytics,version_2,mistral_7b,prompt3,38.2,52.5,37.6,0.0,0.0,0.0,0.0,0.0,v2_russian
1_Классификаторы_KNN_и_наивный_байес.tex,analytics,version_2,mistral_7b,prompt2,50.3,48.6,42.7,0.0,0.0,0.0,0.0,0.0,v2_russian
3. Инструменты обучения НС.tex,analytics,version_2,mistral_7b,prompt2,50.3,48.6,42.7,0.0,0.0,0.0,0.0,0.0,v2_russian
1_Классификаторы_KNN_и_наивный_байес.tex,analytics,version_2,mistral_7b,prompt5,44.1,56.5,41.1,0.0,0.0,0.0,0.0,0.0,v2_russian
3. Инструменты обучения НС.tex,analytics,version_2,mistral_7b,prompt5,44.1,56.5,41.1,0.0,0.0,0.0,0.0,0.0,v2_russian
1_Классификаторы_KNN_и_наивный_байес.tex,analytics,version_2,mistral_7b,prompt12,47.9,49.7,42.3,0.0,0.0,0.0,0.0,0.0,v2_russian
3. Инструменты обучения НС.tex,analytics,version_2,mistral_7b,prompt12,47.9,49.7,42.3,0.0,0.0,0.0,0.0,0.0,v2_russian
1_Классификаторы_KNN_и_наивный_байес.tex,analytics,version_2,mistral_7b,prompt15,44.8,56.9,43.8,0.0,0.0,0.0,0.0,0.0,v2_russian
3. Инструменты обучения НС.tex,analytics,version_2,mistral_7b,prompt15,44.8,56.9,43.8,0.0,0.0,0.0,0.0,0.0,v2_russian
1_Классификаторы_KNN_и_наивный_байес.tex,analytics,version_2,mistral_7b,prompt10,52.4,53.2,45.5,0.0,0.0,0.0,0.0,0.0,v2_russian
3. Инструменты обучения НС.tex,analytics,version_2,mistral_7b,prompt10,52.4,53.2,45.5,0.0,0.0,0.0,0.0,0.0,v2_russian
1_Классификаторы_KNN_и_наивный_байес.tex,analytics,version_2,mistral_7b,prompt9,39.2,48.3,34.1,0.0,0.0,0.0,0.0,0.0,v2_russian
3. Инструменты обучения НС.tex,analytics,version_2,mistral_7b,prompt9,39.2,48.3,34.1,0.0,0.0,0.0,0.0,0.0,v2_russian
1_Классификаторы_KNN_и_наивный_байес.tex,analytics,version_2,mistral_7b,prompt7,40.8,53.4,38.0,0.0,0.0,0.0,0.0,0.0,v2_russian
3. Инструменты обучения НС.tex,analytics,version_2,mistral_7b,prompt7,40.8,53.4,38.0,0.0,0.0,0.0,0.0,0.0,v2_russian
1_Классификаторы_KNN_и_наивный_байес.tex,analytics,version_2,mistral_7b,prompt6,52.9,51.4,43.3,0.0,0.0,0.0,0.0,0.0,v2_russian
3. Инструменты обучения НС.tex,analytics,version_2,mistral_7b,prompt6,52.9,51.4,43.3,0.0,0.0,0.0,0.0,0.0,v2_russian
1_Классификаторы_KNN_и_наивный_байес.tex,analytics,version_2,mistral_7b,prompt1,49.5,49.3,41.6,0.0,0.0,0.0,0.0,0.0,v2_russian
3. Инструменты обучения НС.tex,analytics,version_2,mistral_7b,prompt1,49.5,49.3,41.6,0.0,0.0,0.0,0.0,0.0,v2_russian
1_Классификаторы_KNN_и_наивный_байес.tex,analytics,version_2,mistral_7b,prompt8,43.6,52.8,40.0,0.0,0.0,0.0,0.0,0.0,v2_russian
3. Инструменты обучения НС.tex,analytics,version_2,mistral_7b,prompt8,43.6,52.8,40.0,0.0,0.0,0.0,0.0,0.0,v2_russian
1_Классификаторы_KNN_и_наивный_байес.tex,analytics,version_2,mistral_7b,prompt11,47.0,51.7,44.6,0.0,0.0,0.0,0.0,0.0,v2_russian
3. Инструменты обучения НС.tex,analytics,version_2,mistral_7b,prompt11,47.0,51.7,44.6,0.0,0.0,0.0,0.0,0.0,v2_russian
1_Классификаторы_KNN_и_наивный_байес.tex,analytics,version_3,gemma3_4b,prompt14,47.0,56.0,45.0,38.8,50.0,39.2,8.6,34.7,v3_russian_v2
3. Инструменты обучения НС.tex,analytics,version_3,gemma3_4b,prompt14,47.0,56.0,45.0,38.8,50.0,39.2,8.6,34.7,v3_russian_v2
1_Классификаторы_KNN_и_наивный_байес.tex,analytics,version_3,gemma3_4b,prompt13,47.3,57.8,47.4,39.2,50.0,37.5,7.7,40.0,v3_russian_v2
3. Инструменты обучения НС.tex,analytics,version_3,gemma3_4b,prompt13,47.3,57.8,47.4,39.2,50.0,37.5,7.7,40.0,v3_russian_v2
1_Классификаторы_KNN_и_наивный_байес.tex,analytics,version_3,gemma3_4b,prompt4,43.5,27.0,20.0,0.0,0.0,0.0,7.7,39.5,v3_russian_v2
3. Инструменты обучения НС.tex,analytics,version_3,gemma3_4b,prompt4,43.5,27.0,20.0,0.0,0.0,0.0,7.7,39.5,v3_russian_v2
1_Классификаторы_KNN_и_наивный_байес.tex,analytics,version_3,gemma3_4b,prompt3,44.6,59.7,47.2,39.2,50.0,40.1,12.6,33.0,v3_russian_v2
3. Инструменты обучения НС.tex,analytics,version_3,gemma3_4b,prompt3,44.6,59.7,47.2,39.2,50.0,40.1,12.6,33.0,v3_russian_v2
1_Классификаторы_KNN_и_наивный_байес.tex,analytics,version_3,gemma3_4b,prompt2,40.8,59.9,43.7,38.8,50.0,40.7,9.9,36.9,v3_russian_v2
3. Инструменты обучения НС.tex,analytics,version_3,gemma3_4b,prompt2,40.8,59.9,43.7,38.8,50.0,40.7,9.9,36.9,v3_russian_v2
1_Классификаторы_KNN_и_наивный_байес.tex,analytics,version_3,gemma3_4b,prompt5,45.1,63.5,47.2,39.2,50.0,39.8,8.4,37.8,v3_russian_v2
3. Инструменты обучения НС.tex,analytics,version_3,gemma3_4b,prompt5,45.1,63.5,47.2,39.2,50.0,39.8,8.4,37.8,v3_russian_v2
1_Классификаторы_KNN_и_наивный_байес.tex,analytics,version_3,gemma3_4b,prompt12,45.5,64.0,49.9,38.8,50.0,39.7,11.1,35.6,v3_russian_v2
3. Инструменты обучения НС.tex,analytics,version_3,gemma3_4b,prompt12,45.5,64.0,49.9,38.8,50.0,39.7,11.1,35.6,v3_russian_v2
1_Классификаторы_KNN_и_наивный_байес.tex,analytics,version_3,gemma3_4b,prompt15,48.0,61.7,48.8,39.2,50.0,41.7,8.2,37.0,v3_russian_v2
3. Инструменты обучения НС.tex,analytics,version_3,gemma3_4b,prompt15,48.0,61.7,48.8,39.2,50.0,41.7,8.2,37.0,v3_russian_v2
1_Классификаторы_KNN_и_наивный_байес.tex,analytics,version_3,gemma3_4b,prompt10,46.5,61.6,46.9,39.2,50.0,37.9,11.4,33.7,v3_russian_v2
3. Инструменты обучения НС.tex,analytics,version_3,gemma3_4b,prompt10,46.5,61.6,46.9,39.2,50.0,37.9,11.4,33.7,v3_russian_v2
1_Классификаторы_KNN_и_наивный_байес.tex,analytics,version_3,gemma3_4b,prompt9,39.4,57.2,42.2,40.0,50.0,37.4,11.3,35.5,v3_russian_v2
3. Инструменты обучения НС.tex,analytics,version_3,gemma3_4b,prompt9,39.4,57.2,42.2,40.0,50.0,37.4,11.3,35.5,v3_russian_v2
1_Классификаторы_KNN_и_наивный_байес.tex,analytics,version_3,gemma3_4b,prompt7,44.0,60.0,45.7,38.8,50.0,39.2,9.9,36.5,v3_russian_v2
3. Инструменты обучения НС.tex,analytics,version_3,gemma3_4b,prompt7,44.0,60.0,45.7,38.8,50.0,39.2,9.9,36.5,v3_russian_v2
1_Классификаторы_KNN_и_наивный_байес.tex,analytics,version_3,gemma3_4b,prompt6,48.0,61.6,48.8,38.8,50.0,36.8,9.3,33.7,v3_russian_v2
3. Инструменты обучения НС.tex,analytics,version_3,gemma3_4b,prompt6,48.0,61.6,48.8,38.8,50.0,36.8,9.3,33.7,v3_russian_v2
1_Классификаторы_KNN_и_наивный_байес.tex,analytics,version_3,gemma3_4b,prompt1,42.2,57.8,45.2,39.2,50.0,39.7,7.1,39.5,v3_russian_v2
3. Инструменты обучения НС.tex,analytics,version_3,gemma3_4b,prompt1,42.2,57.8,45.2,39.2,50.0,39.7,7.1,39.5,v3_russian_v2
1_Классификаторы_KNN_и_наивный_байес.tex,analytics,version_3,gemma3_4b,prompt8,42.7,54.2,42.8,39.2,50.0,36.4,8.7,38.2,v3_russian_v2
3. Инструменты обучения НС.tex,analytics,version_3,gemma3_4b,prompt8,42.7,54.2,42.8,39.2,50.0,36.4,8.7,38.2,v3_russian_v2
1_Классификаторы_KNN_и_наивный_байес.tex,analytics,version_3,gemma3_4b,prompt11,47.8,54.3,45.6,39.2,50.0,37.9,9.8,37.9,v3_russian_v2
3. Инструменты обучения НС.tex,analytics,version_3,gemma3_4b,prompt11,47.8,54.3,45.6,39.2,50.0,37.9,9.8,37.9,v3_russian_v2
1_Классификаторы_KNN_и_наивный_байес.tex,analytics,version_3,phi4-mini_3.8b,prompt14,49.0,25.6,20.2,35.5,50.0,14.0,0.7,29.4,v3_russian_v2
3. Инструменты обучения НС.tex,analytics,version_3,phi4-mini_3.8b,prompt14,49.0,25.6,20.2,35.5,50.0,14.0,0.7,29.4,v3_russian_v2
1_Классификаторы_KNN_и_наивный_байес.tex,analytics,version_3,phi4-mini_3.8b,prompt13,54.3,26.5,25.7,35.5,50.0,16.2,4.0,29.4,v3_russian_v2
3. Инструменты обучения НС.tex,analytics,version_3,phi4-mini_3.8b,prompt13,54.3,26.5,25.7,35.5,50.0,16.2,4.0,29.4,v3_russian_v2
1_Классификаторы_KNN_и_наивный_байес.tex,analytics,version_3,phi4-mini_3.8b,prompt4,56.5,26.6,21.5,35.5,50.0,14.0,0.7,29.4,v3_russian_v2
3. Инструменты обучения НС.tex,analytics,version_3,phi4-mini_3.8b,prompt4,56.5,26.6,21.5,35.5,50.0,14.0,0.7,29.4,v3_russian_v2
1_Классификаторы_KNN_и_наивный_байес.tex,analytics,version_3,phi4-mini_3.8b,prompt3,52.9,25.5,20.0,35.5,50.0,14.0,0.7,29.4,v3_russian_v2
3. Инструменты обучения НС.tex,analytics,version_3,phi4-mini_3.8b,prompt3,52.9,25.5,20.0,35.5,50.0,14.0,0.7,29.4,v3_russian_v2
1_Классификаторы_KNN_и_наивный_байес.tex,analytics,version_3,phi4-mini_3.8b,prompt2,53.8,22.8,18.0,35.5,50.0,14.0,2.3,31.1,v3_russian_v2
3. Инструменты обучения НС.tex,analytics,version_3,phi4-mini_3.8b,prompt2,53.8,22.8,18.0,35.5,50.0,14.0,2.3,31.1,v3_russian_v2
1_Классификаторы_KNN_и_наивный_байес.tex,analytics,version_3,phi4-mini_3.8b,prompt5,49.7,27.0,21.2,35.5,50.0,14.0,4.0,26.1,v3_russian_v2
3. Инструменты обучения НС.tex,analytics,version_3,phi4-mini_3.8b,prompt5,49.7,27.0,21.2,35.5,50.0,14.0,4.0,26.1,v3_russian_v2
1_Классификаторы_KNN_и_наивный_байес.tex,analytics,version_3,phi4-mini_3.8b,prompt12,51.1,27.5,20.9,35.5,50.0,14.0,0.7,29.4,v3_russian_v2
3. Инструменты обучения НС.tex,analytics,version_3,phi4-mini_3.8b,prompt12,51.1,27.5,20.9,35.5,50.0,14.0,0.7,29.4,v3_russian_v2
1_Классификаторы_KNN_и_наивный_байес.tex,analytics,version_3,phi4-mini_3.8b,prompt15,52.1,28.2,22.0,34.7,50.0,17.4,0.7,29.4,v3_russian_v2
3. Инструменты обучения НС.tex,analytics,version_3,phi4-mini_3.8b,prompt15,52.1,28.2,22.0,34.7,50.0,17.4,0.7,29.4,v3_russian_v2
1_Классификаторы_KNN_и_наивный_байес.tex,analytics,version_3,phi4-mini_3.8b,prompt10,50.1,26.6,20.3,35.5,50.0,14.0,4.0,29.4,v3_russian_v2
3. Инструменты обучения НС.tex,analytics,version_3,phi4-mini_3.8b,prompt10,50.1,26.6,20.3,35.5,50.0,14.0,4.0,29.4,v3_russian_v2
1_Классификаторы_KNN_и_наивный_байес.tex,analytics,version_3,phi4-mini_3.8b,prompt9,54.6,24.3,18.1,35.5,50.0,14.0,0.7,29.4,v3_russian_v2
3. Инструменты обучения НС.tex,analytics,version_3,phi4-mini_3.8b,prompt9,54.6,24.3,18.1,35.5,50.0,14.0,0.7,29.4,v3_russian_v2
1_Классификаторы_KNN_и_наивный_байес.tex,analytics,version_3,phi4-mini_3.8b,prompt7,54.0,25.1,24.9,34.5,50.0,18.2,3.3,30.1,v3_russian_v2
3. Инструменты обучения НС.tex,analytics,version_3,phi4-mini_3.8b,prompt7,54.0,25.1,24.9,34.5,50.0,18.2,3.3,30.1,v3_russian_v2
1_Классификаторы_KNN_и_наивный_байес.tex,analytics,version_3,phi4-mini_3.8b,prompt6,56.9,25.7,21.9,35.5,50.0,14.0,0.7,29.4,v3_russian_v2
3. Инструменты обучения НС.tex,analytics,version_3,phi4-mini_3.8b,prompt6,56.9,25.7,21.9,35.5,50.0,14.0,0.7,29.4,v3_russian_v2
1_Классификаторы_KNN_и_наивный_байес.tex,analytics,version_3,phi4-mini_3.8b,prompt1,49.7,27.2,21.5,35.5,50.0,14.0,7.4,24.1,v3_russian_v2
3. Инструменты обучения НС.tex,analytics,version_3,phi4-mini_3.8b,prompt1,49.7,27.2,21.5,35.5,50.0,14.0,7.4,24.1,v3_russian_v2
1_Классификаторы_KNN_и_наивный_байес.tex,analytics,version_3,phi4-mini_3.8b,prompt8,48.7,26.6,19.0,35.5,50.0,14.0,3.8,30.3,v3_russian_v2
3. Инструменты обучения НС.tex,analytics,version_3,phi4-mini_3.8b,prompt8,48.7,26.6,19.0,35.5,50.0,14.0,3.8,30.3,v3_russian_v2
1_Классификаторы_KNN_и_наивный_байес.tex,analytics,version_3,phi4-mini_3.8b,prompt11,55.8,21.5,20.7,35.5,50.0,14.0,4.0,29.4,v3_russian_v2
3. Инструменты обучения НС.tex,analytics,version_3,phi4-mini_3.8b,prompt11,55.8,21.5,20.7,35.5,50.0,14.0,4.0,29.4,v3_russian_v2
1_Классификаторы_KNN_и_наивный_байес.tex,analytics,version_3,llama3.2_1b,prompt14,37.7,36.9,30.8,39.2,50.0,30.6,18.7,29.5,v3_russian_v2
3. Инструменты обучения НС.tex,analytics,version_3,llama3.2_1b,prompt14,37.7,36.9,30.8,39.2,50.0,30.6,18.7,29.5,v3_russian_v2
1_Классификаторы_KNN_и_наивный_байес.tex,analytics,version_3,llama3.2_1b,prompt13,37.4,38.6,30.9,39.2,50.0,29.0,16.4,31.1,v3_russian_v2
3. Инструменты обучения НС.tex,analytics,version_3,llama3.2_1b,prompt13,37.4,38.6,30.9,39.2,50.0,29.0,16.4,31.1,v3_russian_v2
1_Классификаторы_KNN_и_наивный_байес.tex,analytics,version_3,llama3.2_1b,prompt4,38.8,34.7,30.3,39.3,50.0,30.7,17.1,31.3,v3_russian_v2
3. Инструменты обучения НС.tex,analytics,version_3,llama3.2_1b,prompt4,38.8,34.7,30.3,39.3,50.0,30.7,17.1,31.3,v3_russian_v2
1_Классификаторы_KNN_и_наивный_байес.tex,analytics,version_3,llama3.2_1b,prompt3,38.5,31.4,29.0,39.3,50.0,28.6,14.9,30.6,v3_russian_v2
3. Инструменты обучения НС.tex,analytics,version_3,llama3.2_1b,prompt3,38.5,31.4,29.0,39.3,50.0,28.6,14.9,30.6,v3_russian_v2
1_Классификаторы_KNN_и_наивный_байес.tex,analytics,version_3,llama3.2_1b,prompt2,37.7,35.1,27.6,40.0,50.0,31.4,14.3,29.6,v3_russian_v2
3. Инструменты обучения НС.tex,analytics,version_3,llama3.2_1b,prompt2,37.7,35.1,27.6,40.0,50.0,31.4,14.3,29.6,v3_russian_v2
1_Классификаторы_KNN_и_наивный_байес.tex,analytics,version_3,llama3.2_1b,prompt5,34.9,30.7,25.3,38.8,50.0,24.3,17.7,25.7,v3_russian_v2
3. Инструменты обучения НС.tex,analytics,version_3,llama3.2_1b,prompt5,34.9,30.7,25.3,38.8,50.0,24.3,17.7,25.7,v3_russian_v2
1_Классификаторы_KNN_и_наивный_байес.tex,analytics,version_3,llama3.2_1b,prompt12,37.2,32.1,28.6,39.2,50.0,26.2,15.9,30.4,v3_russian_v2
3. Инструменты обучения НС.tex,analytics,version_3,llama3.2_1b,prompt12,37.2,32.1,28.6,39.2,50.0,26.2,15.9,30.4,v3_russian_v2
1_Классификаторы_KNN_и_наивный_байес.tex,analytics,version_3,llama3.2_1b,prompt15,32.8,40.3,28.2,38.8,50.0,33.4,17.0,29.4,v3_russian_v2
3. Инструменты обучения НС.tex,analytics,version_3,llama3.2_1b,prompt15,32.8,40.3,28.2,38.8,50.0,33.4,17.0,29.4,v3_russian_v2
1_Классификаторы_KNN_и_наивный_байес.tex,analytics,version_3,llama3.2_1b,prompt10,35.1,37.4,27.1,39.2,50.0,30.6,16.1,24.8,v3_russian_v2
3. Инструменты обучения НС.tex,analytics,version_3,llama3.2_1b,prompt10,35.1,37.4,27.1,39.2,50.0,30.6,16.1,24.8,v3_russian_v2
1_Классификаторы_KNN_и_наивный_байес.tex,analytics,version_3,llama3.2_1b,prompt9,35.8,37.6,31.3,38.8,50.0,32.9,11.6,33.1,v3_russian_v2
3. Инструменты обучения НС.tex,analytics,version_3,llama3.2_1b,prompt9,35.8,37.6,31.3,38.8,50.0,32.9,11.6,33.1,v3_russian_v2
1_Классификаторы_KNN_и_наивный_байес.tex,analytics,version_3,llama3.2_1b,prompt7,38.0,38.0,30.2,37.3,50.0,30.9,18.7,27.3,v3_russian_v2
3. Инструменты обучения НС.tex,analytics,version_3,llama3.2_1b,prompt7,38.0,38.0,30.2,37.3,50.0,30.9,18.7,27.3,v3_russian_v2
1_Классификаторы_KNN_и_наивный_байес.tex,analytics,version_3,llama3.2_1b,prompt6,31.2,35.5,26.5,39.2,50.0,33.1,14.5,28.8,v3_russian_v2
3. Инструменты обучения НС.tex,analytics,version_3,llama3.2_1b,prompt6,31.2,35.5,26.5,39.2,50.0,33.1,14.5,28.8,v3_russian_v2
1_Классификаторы_KNN_и_наивный_байес.tex,analytics,version_3,llama3.2_1b,prompt1,30.3,32.5,22.4,38.8,50.0,33.4,18.6,26.4,v3_russian_v2
3. Инструменты обучения НС.tex,analytics,version_3,llama3.2_1b,prompt1,30.3,32.5,22.4,38.8,50.0,33.4,18.6,26.4,v3_russian_v2
1_Классификаторы_KNN_и_наивный_байес.tex,analytics,version_3,llama3.2_1b,prompt8,45.8,30.9,31.2,39.2,50.0,25.9,10.7,38.3,v3_russian_v2
3. Инструменты обучения НС.tex,analytics,version_3,llama3.2_1b,prompt8,45.8,30.9,31.2,39.2,50.0,25.9,10.7,38.3,v3_russian_v2
1_Классификаторы_KNN_и_наивный_байес.tex,analytics,version_3,llama3.2_1b,prompt11,32.5,34.1,28.6,37.3,50.0,28.8,19.0,29.2,v3_russian_v2
3. Инструменты обучения НС.tex,analytics,version_3,llama3.2_1b,prompt11,32.5,34.1,28.6,37.3,50.0,28.8,19.0,29.2,v3_russian_v2
1_Классификаторы_KNN_и_наивный_байес.tex,analytics,version_3,deepseek-r1_1.5b,prompt14,35.0,48.7,34.6,35.5,50.0,29.6,10.2,30.2,v3_russian_v2
3. Инструменты обучения НС.tex,analytics,version_3,deepseek-r1_1.5b,prompt14,35.0,48.7,34.6,35.5,50.0,29.6,10.2,30.2,v3_russian_v2
1_Классификаторы_KNN_и_наивный_байес.tex,analytics,version_3,deepseek-r1_1.5b,prompt13,37.5,41.7,34.4,35.5,50.0,25.4,10.2,33.3,v3_russian_v2
3. Инструменты обучения НС.tex,analytics,version_3,deepseek-r1_1.5b,prompt13,37.5,41.7,34.4,35.5,50.0,25.4,10.2,33.3,v3_russian_v2
1_Классификаторы_KNN_и_наивный_байес.tex,analytics,version_3,deepseek-r1_1.5b,prompt4,32.6,51.3,34.0,35.5,50.0,32.4,8.2,36.3,v3_russian_v2
3. Инструменты обучения НС.tex,analytics,version_3,deepseek-r1_1.5b,prompt4,32.6,51.3,34.0,35.5,50.0,32.4,8.2,36.3,v3_russian_v2
1_Классификаторы_KNN_и_наивный_байес.tex,analytics,version_3,deepseek-r1_1.5b,prompt3,39.6,44.6,33.7,35.5,50.0,30.3,10.5,34.0,v3_russian_v2
3. Инструменты обучения НС.tex,analytics,version_3,deepseek-r1_1.5b,prompt3,39.6,44.6,33.7,35.5,50.0,30.3,10.5,34.0,v3_russian_v2
1_Классификаторы_KNN_и_наивный_байес.tex,analytics,version_3,deepseek-r1_1.5b,prompt2,37.6,43.3,31.4,35.5,50.0,28.3,11.3,31.8,v3_russian_v2
3. Инструменты обучения НС.tex,analytics,version_3,deepseek-r1_1.5b,prompt2,37.6,43.3,31.4,35.5,50.0,28.3,11.3,31.8,v3_russian_v2
1_Классификаторы_KNN_и_наивный_байес.tex,analytics,version_3,deepseek-r1_1.5b,prompt5,42.1,46.9,38.8,35.5,50.0,26.2,9.5,34.9,v3_russian_v2
3. Инструменты обучения НС.tex,analytics,version_3,deepseek-r1_1.5b,prompt5,42.1,46.9,38.8,35.5,50.0,26.2,9.5,34.9,v3_russian_v2
1_Классификаторы_KNN_и_наивный_байес.tex,analytics,version_3,deepseek-r1_1.5b,prompt12,30.2,38.5,25.1,34.5,50.0,29.5,13.2,31.7,v3_russian_v2
3. Инструменты обучения НС.tex,analytics,version_3,deepseek-r1_1.5b,prompt12,30.2,38.5,25.1,34.5,50.0,29.5,13.2,31.7,v3_russian_v2
1_Классификаторы_KNN_и_наивный_байес.tex,analytics,version_3,deepseek-r1_1.5b,prompt15,32.3,53.0,31.7,35.5,50.0,35.7,10.8,32.8,v3_russian_v2
3. Инструменты обучения НС.tex,analytics,version_3,deepseek-r1_1.5b,prompt15,32.3,53.0,31.7,35.5,50.0,35.7,10.8,32.8,v3_russian_v2
1_Классификаторы_KNN_и_наивный_байес.tex,analytics,version_3,deepseek-r1_1.5b,prompt10,42.2,51.2,39.8,35.5,50.0,33.8,8.7,35.0,v3_russian_v2
3. Инструменты обучения НС.tex,analytics,version_3,deepseek-r1_1.5b,prompt10,42.2,51.2,39.8,35.5,50.0,33.8,8.7,35.0,v3_russian_v2
1_Классификаторы_KNN_и_наивный_байес.tex,analytics,version_3,deepseek-r1_1.5b,prompt9,36.5,46.3,36.1,35.5,50.0,27.2,8.6,35.7,v3_russian_v2
3. Инструменты обучения НС.tex,analytics,version_3,deepseek-r1_1.5b,prompt9,36.5,46.3,36.1,35.5,50.0,27.2,8.6,35.7,v3_russian_v2
1_Классификаторы_KNN_и_наивный_байес.tex,analytics,version_3,deepseek-r1_1.5b,prompt7,33.2,47.1,31.4,35.5,50.0,33.9,11.7,32.8,v3_russian_v2
3. Инструменты обучения НС.tex,analytics,version_3,deepseek-r1_1.5b,prompt7,33.2,47.1,31.4,35.5,50.0,33.9,11.7,32.8,v3_russian_v2
1_Классификаторы_KNN_и_наивный_байес.tex,analytics,version_3,deepseek-r1_1.5b,prompt6,37.3,45.9,34.9,35.5,50.0,28.9,11.9,32.5,v3_russian_v2
3. Инструменты обучения НС.tex,analytics,version_3,deepseek-r1_1.5b,prompt6,37.3,45.9,34.9,35.5,50.0,28.9,11.9,32.5,v3_russian_v2
1_Классификаторы_KNN_и_наивный_байес.tex,analytics,version_3,deepseek-r1_1.5b,prompt1,30.9,53.4,33.7,35.5,50.0,31.1,11.2,34.9,v3_russian_v2
3. Инструменты обучения НС.tex,analytics,version_3,deepseek-r1_1.5b,prompt1,30.9,53.4,33.7,35.5,50.0,31.1,11.2,34.9,v3_russian_v2
1_Классификаторы_KNN_и_наивный_байес.tex,analytics,version_3,deepseek-r1_1.5b,prompt8,34.9,45.2,34.6,35.5,50.0,27.9,11.9,32.7,v3_russian_v2
3. Инструменты обучения НС.tex,analytics,version_3,deepseek-r1_1.5b,prompt8,34.9,45.2,34.6,35.5,50.0,27.9,11.9,32.7,v3_russian_v2
1_Классификаторы_KNN_и_наивный_байес.tex,analytics,version_3,deepseek-r1_1.5b,prompt11,34.2,48.2,32.3,35.5,50.0,32.1,10.9,31.4,v3_russian_v2
3. Инструменты обучения НС.tex,analytics,version_3,deepseek-r1_1.5b,prompt11,34.2,48.2,32.3,35.5,50.0,32.1,10.9,31.4,v3_russian_v2
1_Классификаторы_KNN_и_наивный_байес.tex,analytics,version_3,granite3.2_2b,prompt14,31.3,51.2,33.7,35.5,50.0,35.0,11.0,33.6,v3_russian_v2
3. Инструменты обучения НС.tex,analytics,version_3,granite3.2_2b,prompt14,31.3,51.2,33.7,35.5,50.0,35.0,11.0,33.6,v3_russian_v2
1_Классификаторы_KNN_и_наивный_байес.tex,analytics,version_3,granite3.2_2b,prompt13,32.1,46.7,33.2,35.5,50.0,33.4,12.0,33.6,v3_russian_v2
3. Инструменты обучения НС.tex,analytics,version_3,granite3.2_2b,prompt13,32.1,46.7,33.2,35.5,50.0,33.4,12.0,33.6,v3_russian_v2
1_Классификаторы_KNN_и_наивный_байес.tex,analytics,version_3,granite3.2_2b,prompt4,30.1,51.2,32.5,35.5,50.0,31.2,10.7,34.5,v3_russian_v2
3. Инструменты обучения НС.tex,analytics,version_3,granite3.2_2b,prompt4,30.1,51.2,32.5,35.5,50.0,31.2,10.7,34.5,v3_russian_v2
1_Классификаторы_KNN_и_наивный_байес.tex,analytics,version_3,granite3.2_2b,prompt3,29.0,46.2,31.5,35.5,50.0,31.6,11.7,32.5,v3_russian_v2
3. Инструменты обучения НС.tex,analytics,version_3,granite3.2_2b,prompt3,29.0,46.2,31.5,35.5,50.0,31.6,11.7,32.5,v3_russian_v2
1_Классификаторы_KNN_и_наивный_байес.tex,analytics,version_3,granite3.2_2b,prompt2,30.4,52.2,32.5,35.5,50.0,34.5,13.1,31.0,v3_russian_v2
3. Инструменты обучения НС.tex,analytics,version_3,granite3.2_2b,prompt2,30.4,52.2,32.5,35.5,50.0,34.5,13.1,31.0,v3_russian_v2
1_Классификаторы_KNN_и_наивный_байес.tex,analytics,version_3,granite3.2_2b,prompt5,31.3,50.4,32.9,35.5,50.0,27.9,13.4,31.0,v3_russian_v2
3. Инструменты обучения НС.tex,analytics,version_3,granite3.2_2b,prompt5,31.3,50.4,32.9,35.5,50.0,27.9,13.4,31.0,v3_russian_v2
1_Классификаторы_KNN_и_наивный_байес.tex,analytics,version_3,granite3.2_2b,prompt12,31.6,53.7,33.4,35.5,50.0,36.0,11.7,32.7,v3_russian_v2
3. Инструменты обучения НС.tex,analytics,version_3,granite3.2_2b,prompt12,31.6,53.7,33.4,35.5,50.0,36.0,11.7,32.7,v3_russian_v2
1_Классификаторы_KNN_и_наивный_байес.tex,analytics,version_3,granite3.2_2b,prompt15,29.8,47.4,30.6,35.5,50.0,34.8,13.5,31.2,v3_russian_v2
3. Инструменты обучения НС.tex,analytics,version_3,granite3.2_2b,prompt15,29.8,47.4,30.6,35.5,50.0,34.8,13.5,31.2,v3_russian_v2
1_Классификаторы_KNN_и_наивный_байес.tex,analytics,version_3,granite3.2_2b,prompt10,31.7,54.7,35.1,35.5,50.0,36.4,10.5,34.8,v3_russian_v2
3. Инструменты обучения НС.tex,analytics,version_3,granite3.2_2b,prompt10,31.7,54.7,35.1,35.5,50.0,36.4,10.5,34.8,v3_russian_v2
1_Классификаторы_KNN_и_наивный_байес.tex,analytics,version_3,granite3.2_2b,prompt9,26.4,52.5,31.0,35.5,50.0,31.4,11.5,34.0,v3_russian_v2
3. Инструменты обучения НС.tex,analytics,version_3,granite3.2_2b,prompt9,26.4,52.5,31.0,35.5,50.0,31.4,11.5,34.0,v3_russian_v2
1_Классификаторы_KNN_и_наивный_байес.tex,analytics,version_3,granite3.2_2b,prompt7,30.8,43.4,30.0,35.5,50.0,30.7,11.4,34.1,v3_russian_v2
3. Инструменты обучения НС.tex,analytics,version_3,granite3.2_2b,prompt7,30.8,43.4,30.0,35.5,50.0,30.7,11.4,34.1,v3_russian_v2
1_Классификаторы_KNN_и_наивный_байес.tex,analytics,version_3,granite3.2_2b,prompt6,32.6,56.3,36.6,35.5,50.0,36.3,11.7,34.0,v3_russian_v2
3. Инструменты обучения НС.tex,analytics,version_3,granite3.2_2b,prompt6,32.6,56.3,36.6,35.5,50.0,36.3,11.7,34.0,v3_russian_v2
1_Классификаторы_KNN_и_наивный_байес.tex,analytics,version_3,granite3.2_2b,prompt1,30.4,47.1,31.8,35.5,50.0,30.3,13.4,32.4,v3_russian_v2
3. Инструменты обучения НС.tex,analytics,version_3,granite3.2_2b,prompt1,30.4,47.1,31.8,35.5,50.0,30.3,13.4,32.4,v3_russian_v2
1_Классификаторы_KNN_и_наивный_байес.tex,analytics,version_3,granite3.2_2b,prompt8,29.7,51.7,33.9,35.5,50.0,34.1,12.4,32.2,v3_russian_v2
3. Инструменты обучения НС.tex,analytics,version_3,granite3.2_2b,prompt8,29.7,51.7,33.9,35.5,50.0,34.1,12.4,32.2,v3_russian_v2
1_Классификаторы_KNN_и_наивный_байес.tex,analytics,version_3,granite3.2_2b,prompt11,27.3,46.9,28.9,35.5,50.0,33.3,13.9,31.9,v3_russian_v2
3. Инструменты обучения НС.tex,analytics,version_3,granite3.2_2b,prompt11,27.3,46.9,28.9,35.5,50.0,33.3,13.9,31.9,v3_russian_v2
1_Классификаторы_KNN_и_наивный_байес.tex,analytics,version_3,mistral_7b,prompt14,36.2,49.9,38.5,35.5,50.0,31.9,10.8,34.2,v3_russian_v2
3. Инструменты обучения НС.tex,analytics,version_3,mistral_7b,prompt14,36.2,49.9,38.5,35.5,50.0,31.9,10.8,34.2,v3_russian_v2
1_Классификаторы_KNN_и_наивный_байес.tex,analytics,version_3,mistral_7b,prompt13,36.6,54.7,39.7,35.5,50.0,34.3,11.4,32.5,v3_russian_v2
3. Инструменты обучения НС.tex,analytics,version_3,mistral_7b,prompt13,36.6,54.7,39.7,35.5,50.0,34.3,11.4,32.5,v3_russian_v2
1_Классификаторы_KNN_и_наивный_байес.tex,analytics,version_3,mistral_7b,prompt4,33.8,49.6,37.0,35.5,50.0,32.3,14.1,30.8,v3_russian_v2
3. Инструменты обучения НС.tex,analytics,version_3,mistral_7b,prompt4,33.8,49.6,37.0,35.5,50.0,32.3,14.1,30.8,v3_russian_v2
1_Классификаторы_KNN_и_наивный_байес.tex,analytics,version_3,mistral_7b,prompt3,34.7,52.3,38.0,35.5,50.0,34.0,12.3,33.0,v3_russian_v2
3. Инструменты обучения НС.tex,analytics,version_3,mistral_7b,prompt3,34.7,52.3,38.0,35.5,50.0,34.0,12.3,33.0,v3_russian_v2
1_Классификаторы_KNN_и_наивный_байес.tex,analytics,version_3,mistral_7b,prompt2,36.0,51.5,37.7,35.5,50.0,32.5,10.0,34.4,v3_russian_v2
3. Инструменты обучения НС.tex,analytics,version_3,mistral_7b,prompt2,36.0,51.5,37.7,35.5,50.0,32.5,10.0,34.4,v3_russian_v2
1_Классификаторы_KNN_и_наивный_байес.tex,analytics,version_3,mistral_7b,prompt5,39.5,52.2,42.2,35.2,50.0,33.0,10.3,33.8,v3_russian_v2
3. Инструменты обучения НС.tex,analytics,version_3,mistral_7b,prompt5,39.5,52.2,42.2,35.2,50.0,33.0,10.3,33.8,v3_russian_v2
1_Классификаторы_KNN_и_наивный_байес.tex,analytics,version_3,mistral_7b,prompt12,39.4,52.4,41.3,35.5,50.0,34.2,7.4,35.2,v3_russian_v2
3. Инструменты обучения НС.tex,analytics,version_3,mistral_7b,prompt12,39.4,52.4,41.3,35.5,50.0,34.2,7.4,35.2,v3_russian_v2
1_Классификаторы_KNN_и_наивный_байес.tex,analytics,version_3,mistral_7b,prompt15,36.6,58.2,41.4,35.5,50.0,35.8,10.7,33.0,v3_russian_v2
3. Инструменты обучения НС.tex,analytics,version_3,mistral_7b,prompt15,36.6,58.2,41.4,35.5,50.0,35.8,10.7,33.0,v3_russian_v2
1_Классификаторы_KNN_и_наивный_байес.tex,analytics,version_3,mistral_7b,prompt10,38.2,50.5,40.0,35.5,50.0,29.9,10.8,31.4,v3_russian_v2
3. Инструменты обучения НС.tex,analytics,version_3,mistral_7b,prompt10,38.2,50.5,40.0,35.5,50.0,29.9,10.8,31.4,v3_russian_v2
1_Классификаторы_KNN_и_наивный_байес.tex,analytics,version_3,mistral_7b,prompt9,40.8,48.9,39.5,35.5,50.0,30.1,9.4,34.6,v3_russian_v2
3. Инструменты обучения НС.tex,analytics,version_3,mistral_7b,prompt9,40.8,48.9,39.5,35.5,50.0,30.1,9.4,34.6,v3_russian_v2
1_Классификаторы_KNN_и_наивный_байес.tex,analytics,version_3,mistral_7b,prompt7,36.9,52.2,40.1,35.5,50.0,31.6,10.1,35.4,v3_russian_v2
3. Инструменты обучения НС.tex,analytics,version_3,mistral_7b,prompt7,36.9,52.2,40.1,35.5,50.0,31.6,10.1,35.4,v3_russian_v2
1_Классификаторы_KNN_и_наивный_байес.tex,analytics,version_3,mistral_7b,prompt6,37.6,55.8,41.9,35.5,50.0,33.4,9.7,35.2,v3_russian_v2
3. Инструменты обучения НС.tex,analytics,version_3,mistral_7b,prompt6,37.6,55.8,41.9,35.5,50.0,33.4,9.7,35.2,v3_russian_v2
1_Классификаторы_KNN_и_наивный_байес.tex,analytics,version_3,mistral_7b,prompt1,36.8,52.2,40.7,35.5,50.0,33.1,10.4,35.7,v3_russian_v2
3. Инструменты обучения НС.tex,analytics,version_3,mistral_7b,prompt1,36.8,52.2,40.7,35.5,50.0,33.1,10.4,35.7,v3_russian_v2
1_Классификаторы_KNN_и_наивный_байес.tex,analytics,version_3,mistral_7b,prompt8,39.1,51.5,40.7,35.5,50.0,32.5,10.7,34.2,v3_russian_v2
3. Инструменты обучения НС.tex,analytics,version_3,mistral_7b,prompt8,39.1,51.5,40.7,35.5,50.0,32.5,10.7,34.2,v3_russian_v2
1_Классификаторы_KNN_и_наивный_байес.tex,analytics,version_3,mistral_7b,prompt11,37.2,47.8,36.3,35.5,50.0,29.3,10.5,35.3,v3_russian_v2
3. Инструменты обучения НС.tex,analytics,version_3,mistral_7b,prompt11,37.2,47.8,36.3,35.5,50.0,29.3,10.5,35.3,v3_russian_v2
5._Рекуррентные_НС.tex,2-file,version_1,gemma3_4b,prompt14,44.2,65.5,50.1,0.0,0.0,0.0,0.0,0.0,v1_english
5._Рекуррентные_НС.tex,2-file,version_1,gemma3_4b,prompt13,37.5,67.4,45.6,0.0,0.0,0.0,0.0,0.0,v1_english
5._Рекуррентные_НС.tex,2-file,version_1,gemma3_4b,prompt4,47.6,68.3,53.5,0.0,0.0,0.0,0.0,0.0,v1_english
5._Рекуррентные_НС.tex,2-file,version_1,gemma3_4b,prompt3,38.0,63.1,45.2,0.0,0.0,0.0,0.0,0.0,v1_english
5._Рекуррентные_НС.tex,2-file,version_1,gemma3_4b,prompt2,50.3,71.4,57.5,0.0,0.0,0.0,0.0,0.0,v1_english
5._Рекуррентные_НС.tex,2-file,version_1,gemma3_4b,prompt5,47.6,63.6,51.5,0.0,0.0,0.0,0.0,0.0,v1_english
5._Рекуррентные_НС.tex,2-file,version_1,gemma3_4b,prompt12,48.3,64.5,51.3,0.0,0.0,0.0,0.0,0.0,v1_english
5._Рекуррентные_НС.tex,2-file,version_1,gemma3_4b,prompt15,51.7,70.7,58.2,0.0,0.0,0.0,0.0,0.0,v1_english
5._Рекуррентные_НС.tex,2-file,version_1,gemma3_4b,prompt10,42.1,67.7,49.4,0.0,0.0,0.0,0.0,0.0,v1_english
5._Рекуррентные_НС.tex,2-file,version_1,gemma3_4b,prompt9,52.8,67.8,57.0,0.0,0.0,0.0,0.0,0.0,v1_english
5._Рекуррентные_НС.tex,2-file,version_1,gemma3_4b,prompt7,40.9,61.6,46.8,0.0,0.0,0.0,0.0,0.0,v1_english
5._Рекуррентные_НС.tex,2-file,version_1,gemma3_4b,prompt6,41.9,64.1,48.6,0.0,0.0,0.0,0.0,0.0,v1_english
5._Рекуррентные_НС.tex,2-file,version_1,gemma3_4b,prompt1,49.6,70.1,55.3,0.0,0.0,0.0,0.0,0.0,v1_english
5._Рекуррентные_НС.tex,2-file,version_1,gemma3_4b,prompt8,39.5,65.1,45.9,0.0,0.0,0.0,0.0,0.0,v1_english
5._Рекуррентные_НС.tex,2-file,version_1,gemma3_4b,prompt11,49.7,72.6,55.8,0.0,0.0,0.0,0.0,0.0,v1_english
5._Рекуррентные_НС.tex,2-file,version_1,phi4-mini_3.8b,prompt14,0.0,0.0,0.0,0.0,0.0,0.0,0.0,0.0,v1_english
5._Рекуррентные_НС.tex,2-file,version_1,phi4-mini_3.8b,prompt13,0.0,0.0,0.0,0.0,0.0,0.0,0.0,0.0,v1_english
5._Рекуррентные_НС.tex,2-file,version_1,phi4-mini_3.8b,prompt4,0.0,0.0,0.0,0.0,0.0,0.0,0.0,0.0,v1_english
5._Рекуррентные_НС.tex,2-file,version_1,phi4-mini_3.8b,prompt3,0.0,0.0,0.0,0.0,0.0,0.0,0.0,0.0,v1_english
5._Рекуррентные_НС.tex,2-file,version_1,phi4-mini_3.8b,prompt2,0.0,0.0,0.0,0.0,0.0,0.0,0.0,0.0,v1_english
5._Рекуррентные_НС.tex,2-file,version_1,phi4-mini_3.8b,prompt5,0.0,0.0,0.0,0.0,0.0,0.0,0.0,0.0,v1_english
5._Рекуррентные_НС.tex,2-file,version_1,phi4-mini_3.8b,prompt12,0.0,0.0,0.0,0.0,0.0,0.0,0.0,0.0,v1_english
5._Рекуррентные_НС.tex,2-file,version_1,phi4-mini_3.8b,prompt15,0.0,0.0,0.0,0.0,0.0,0.0,0.0,0.0,v1_english
5._Рекуррентные_НС.tex,2-file,version_1,phi4-mini_3.8b,prompt10,50.0,0.0,0.0,0.0,0.0,0.0,0.0,0.0,v1_english
5._Рекуррентные_НС.tex,2-file,version_1,phi4-mini_3.8b,prompt9,0.0,0.0,0.0,0.0,0.0,0.0,0.0,0.0,v1_english
5._Рекуррентные_НС.tex,2-file,version_1,phi4-mini_3.8b,prompt7,0.0,0.0,0.0,0.0,0.0,0.0,0.0,0.0,v1_english
5._Рекуррентные_НС.tex,2-file,version_1,phi4-mini_3.8b,prompt6,0.0,0.0,0.0,0.0,0.0,0.0,0.0,0.0,v1_english
5._Рекуррентные_НС.tex,2-file,version_1,phi4-mini_3.8b,prompt1,0.0,0.0,0.0,0.0,0.0,0.0,0.0,0.0,v1_english
5._Рекуррентные_НС.tex,2-file,version_1,phi4-mini_3.8b,prompt8,0.0,0.0,0.0,0.0,0.0,0.0,0.0,0.0,v1_english
5._Рекуррентные_НС.tex,2-file,version_1,phi4-mini_3.8b,prompt11,0.0,0.0,0.0,0.0,0.0,0.0,0.0,0.0,v1_english
5._Рекуррентные_НС.tex,2-file,version_1,llama3.2_1b,prompt14,29.9,32.9,22.7,0.0,0.0,0.0,0.0,0.0,v1_english
5._Рекуррентные_НС.tex,2-file,version_1,llama3.2_1b,prompt13,25.6,38.8,22.1,0.0,0.0,0.0,0.0,0.0,v1_english
5._Рекуррентные_НС.tex,2-file,version_1,llama3.2_1b,prompt4,25.3,36.6,21.8,0.0,0.0,0.0,0.0,0.0,v1_english
5._Рекуррентные_НС.tex,2-file,version_1,llama3.2_1b,prompt3,23.4,36.9,18.1,0.0,0.0,0.0,0.0,0.0,v1_english
5._Рекуррентные_НС.tex,2-file,version_1,llama3.2_1b,prompt2,24.4,38.3,21.6,0.0,0.0,0.0,0.0,0.0,v1_english
5._Рекуррентные_НС.tex,2-file,version_1,llama3.2_1b,prompt5,25.9,36.6,21.9,0.0,0.0,0.0,0.0,0.0,v1_english
5._Рекуррентные_НС.tex,2-file,version_1,llama3.2_1b,prompt12,34.0,34.4,23.7,0.0,0.0,0.0,0.0,0.0,v1_english
5._Рекуррентные_НС.tex,2-file,version_1,llama3.2_1b,prompt15,27.1,34.7,25.1,0.0,0.0,0.0,0.0,0.0,v1_english
5._Рекуррентные_НС.tex,2-file,version_1,llama3.2_1b,prompt10,20.9,40.4,21.6,0.0,0.0,0.0,0.0,0.0,v1_english
5._Рекуррентные_НС.tex,2-file,version_1,llama3.2_1b,prompt9,22.1,30.2,20.6,0.0,0.0,0.0,0.0,0.0,v1_english
5._Рекуррентные_НС.tex,2-file,version_1,llama3.2_1b,prompt7,32.1,41.3,27.6,0.0,0.0,0.0,0.0,0.0,v1_english
5._Рекуррентные_НС.tex,2-file,version_1,llama3.2_1b,prompt6,27.3,34.7,19.1,0.0,0.0,0.0,0.0,0.0,v1_english
5._Рекуррентные_НС.tex,2-file,version_1,llama3.2_1b,prompt1,24.0,38.6,23.3,0.0,0.0,0.0,0.0,0.0,v1_english
5._Рекуррентные_НС.tex,2-file,version_1,llama3.2_1b,prompt8,25.8,37.4,23.9,0.0,0.0,0.0,0.0,0.0,v1_english
5._Рекуррентные_НС.tex,2-file,version_1,llama3.2_1b,prompt11,25.8,41.3,20.8,0.0,0.0,0.0,0.0,0.0,v1_english
5._Рекуррентные_НС.tex,2-file,version_1,deepseek-r1_1.5b,prompt14,0.0,0.0,0.0,0.0,0.0,0.0,0.0,0.0,v1_english
5._Рекуррентные_НС.tex,2-file,version_1,deepseek-r1_1.5b,prompt13,0.0,0.0,0.0,0.0,0.0,0.0,0.0,0.0,v1_english
5._Рекуррентные_НС.tex,2-file,version_1,deepseek-r1_1.5b,prompt4,0.0,0.0,0.0,0.0,0.0,0.0,0.0,0.0,v1_english
5._Рекуррентные_НС.tex,2-file,version_1,deepseek-r1_1.5b,prompt3,0.0,0.0,0.0,0.0,0.0,0.0,0.0,0.0,v1_english
5._Рекуррентные_НС.tex,2-file,version_1,deepseek-r1_1.5b,prompt2,0.0,0.0,0.0,0.0,0.0,0.0,0.0,0.0,v1_english
5._Рекуррентные_НС.tex,2-file,version_1,deepseek-r1_1.5b,prompt5,0.0,0.0,0.0,0.0,0.0,0.0,0.0,0.0,v1_english
5._Рекуррентные_НС.tex,2-file,version_1,deepseek-r1_1.5b,prompt12,0.0,0.0,0.0,0.0,0.0,0.0,0.0,0.0,v1_english
5._Рекуррентные_НС.tex,2-file,version_1,deepseek-r1_1.5b,prompt15,0.0,0.0,0.0,0.0,0.0,0.0,0.0,0.0,v1_english
5._Рекуррентные_НС.tex,2-file,version_1,deepseek-r1_1.5b,prompt10,0.0,0.0,0.0,0.0,0.0,0.0,0.0,0.0,v1_english
5._Рекуррентные_НС.tex,2-file,version_1,deepseek-r1_1.5b,prompt9,0.0,0.0,0.0,0.0,0.0,0.0,0.0,0.0,v1_english
5._Рекуррентные_НС.tex,2-file,version_1,deepseek-r1_1.5b,prompt7,0.0,0.0,0.0,0.0,0.0,0.0,0.0,0.0,v1_english
5._Рекуррентные_НС.tex,2-file,version_1,deepseek-r1_1.5b,prompt6,0.0,0.0,0.0,0.0,0.0,0.0,0.0,0.0,v1_english
5._Рекуррентные_НС.tex,2-file,version_1,deepseek-r1_1.5b,prompt1,0.0,0.0,0.0,0.0,0.0,0.0,0.0,0.0,v1_english
5._Рекуррентные_НС.tex,2-file,version_1,deepseek-r1_1.5b,prompt8,0.0,0.0,0.0,0.0,0.0,0.0,0.0,0.0,v1_english
5._Рекуррентные_НС.tex,2-file,version_1,deepseek-r1_1.5b,prompt11,0.0,0.0,0.0,0.0,0.0,0.0,0.0,0.0,v1_english
5._Рекуррентные_НС.tex,2-file,version_1,granite3.2_2b,prompt14,8.7,16.1,1.2,0.0,0.0,0.0,0.0,0.0,v1_english
5._Рекуррентные_НС.tex,2-file,version_1,granite3.2_2b,prompt13,11.6,10.6,3.1,0.0,0.0,0.0,0.0,0.0,v1_english
5._Рекуррентные_НС.tex,2-file,version_1,granite3.2_2b,prompt4,8.4,16.1,0.0,0.0,0.0,0.0,0.0,0.0,v1_english
5._Рекуррентные_НС.tex,2-file,version_1,granite3.2_2b,prompt3,20.1,13.2,4.1,0.0,0.0,0.0,0.0,0.0,v1_english
5._Рекуррентные_НС.tex,2-file,version_1,granite3.2_2b,prompt2,6.7,18.9,3.9,0.0,0.0,0.0,0.0,0.0,v1_english
5._Рекуррентные_НС.tex,2-file,version_1,granite3.2_2b,prompt5,10.7,18.9,4.5,0.0,0.0,0.0,0.0,0.0,v1_english
5._Рекуррентные_НС.tex,2-file,version_1,granite3.2_2b,prompt12,20.7,16.3,11.3,0.0,0.0,0.0,0.0,0.0,v1_english
5._Рекуррентные_НС.tex,2-file,version_1,granite3.2_2b,prompt15,8.8,10.6,1.5,0.0,0.0,0.0,0.0,0.0,v1_english
5._Рекуррентные_НС.tex,2-file,version_1,granite3.2_2b,prompt10,7.3,18.1,6.9,0.0,0.0,0.0,0.0,0.0,v1_english
5._Рекуррентные_НС.tex,2-file,version_1,granite3.2_2b,prompt9,14.9,13.9,2.2,0.0,0.0,0.0,0.0,0.0,v1_english
5._Рекуррентные_НС.tex,2-file,version_1,granite3.2_2b,prompt7,13.1,16.4,1.1,0.0,0.0,0.0,0.0,0.0,v1_english
5._Рекуррентные_НС.tex,2-file,version_1,granite3.2_2b,prompt6,17.2,12.2,0.0,0.0,0.0,0.0,0.0,0.0,v1_english
5._Рекуррентные_НС.tex,2-file,version_1,granite3.2_2b,prompt1,17.5,18.6,6.7,0.0,0.0,0.0,0.0,0.0,v1_english
5._Рекуррентные_НС.tex,2-file,version_1,granite3.2_2b,prompt8,5.8,20.6,4.1,0.0,0.0,0.0,0.0,0.0,v1_english
5._Рекуррентные_НС.tex,2-file,version_1,granite3.2_2b,prompt11,17.6,10.6,2.7,0.0,0.0,0.0,0.0,0.0,v1_english
5._Рекуррентные_НС.tex,2-file,version_1,mistral_7b,prompt14,55.4,72.3,60.0,0.0,0.0,0.0,0.0,0.0,v1_english
5._Рекуррентные_НС.tex,2-file,version_1,mistral_7b,prompt13,57.6,62.5,56.6,0.0,0.0,0.0,0.0,0.0,v1_english
5._Рекуррентные_НС.tex,2-file,version_1,mistral_7b,prompt4,64.8,73.0,65.3,0.0,0.0,0.0,0.0,0.0,v1_english
5._Рекуррентные_НС.tex,2-file,version_1,mistral_7b,prompt3,50.0,64.6,51.8,0.0,0.0,0.0,0.0,0.0,v1_english
5._Рекуррентные_НС.tex,2-file,version_1,mistral_7b,prompt2,55.0,69.2,58.3,0.0,0.0,0.0,0.0,0.0,v1_english
5._Рекуррентные_НС.tex,2-file,version_1,mistral_7b,prompt5,70.1,70.1,66.2,0.0,0.0,0.0,0.0,0.0,v1_english
5._Рекуррентные_НС.tex,2-file,version_1,mistral_7b,prompt12,59.3,66.8,59.0,0.0,0.0,0.0,0.0,0.0,v1_english
5._Рекуррентные_НС.tex,2-file,version_1,mistral_7b,prompt15,66.5,75.5,68.3,0.0,0.0,0.0,0.0,0.0,v1_english
5._Рекуррентные_НС.tex,2-file,version_1,mistral_7b,prompt10,64.8,71.1,63.2,0.0,0.0,0.0,0.0,0.0,v1_english
5._Рекуррентные_НС.tex,2-file,version_1,mistral_7b,prompt9,65.9,65.0,62.2,0.0,0.0,0.0,0.0,0.0,v1_english
5._Рекуррентные_НС.tex,2-file,version_1,mistral_7b,prompt7,52.0,59.4,50.7,0.0,0.0,0.0,0.0,0.0,v1_english
5._Рекуррентные_НС.tex,2-file,version_1,mistral_7b,prompt6,57.2,70.5,59.9,0.0,0.0,0.0,0.0,0.0,v1_english
5._Рекуррентные_НС.tex,2-file,version_1,mistral_7b,prompt1,61.5,68.8,60.6,0.0,0.0,0.0,0.0,0.0,v1_english
5._Рекуррентные_НС.tex,2-file,version_1,mistral_7b,prompt8,55.2,71.9,58.7,0.0,0.0,0.0,0.0,0.0,v1_english
5._Рекуррентные_НС.tex,2-file,version_1,mistral_7b,prompt11,46.0,71.0,51.8,0.0,0.0,0.0,0.0,0.0,v1_english
5._Рекуррентные_НС.tex,2-file,version_2,gemma3_4b,prompt14,46.3,66.0,51.2,0.0,0.0,0.0,0.0,0.0,v2_russian
5._Рекуррентные_НС.tex,2-file,version_2,gemma3_4b,prompt13,40.6,63.2,47.5,0.0,0.0,0.0,0.0,0.0,v2_russian
5._Рекуррентные_НС.tex,2-file,version_2,gemma3_4b,prompt4,43.1,69.4,52.0,0.0,0.0,0.0,0.0,0.0,v2_russian
5._Рекуррентные_НС.tex,2-file,version_2,gemma3_4b,prompt3,47.8,69.2,54.8,0.0,0.0,0.0,0.0,0.0,v2_russian
5._Рекуррентные_НС.tex,2-file,version_2,gemma3_4b,prompt2,41.2,65.7,48.5,0.0,0.0,0.0,0.0,0.0,v2_russian
5._Рекуррентные_НС.tex,2-file,version_2,gemma3_4b,prompt5,41.7,68.4,50.1,0.0,0.0,0.0,0.0,0.0,v2_russian
5._Рекуррентные_НС.tex,2-file,version_2,gemma3_4b,prompt12,50.6,65.8,55.2,0.0,0.0,0.0,0.0,0.0,v2_russian
5._Рекуррентные_НС.tex,2-file,version_2,gemma3_4b,prompt15,47.8,68.7,54.4,0.0,0.0,0.0,0.0,0.0,v2_russian
5._Рекуррентные_НС.tex,2-file,version_2,gemma3_4b,prompt10,47.8,65.5,52.5,0.0,0.0,0.0,0.0,0.0,v2_russian
5._Рекуррентные_НС.tex,2-file,version_2,gemma3_4b,prompt9,40.9,61.3,46.3,0.0,0.0,0.0,0.0,0.0,v2_russian
5._Рекуррентные_НС.tex,2-file,version_2,gemma3_4b,prompt7,38.5,67.1,47.9,0.0,0.0,0.0,0.0,0.0,v2_russian
5._Рекуррентные_НС.tex,2-file,version_2,gemma3_4b,prompt6,48.0,65.7,54.0,0.0,0.0,0.0,0.0,0.0,v2_russian
5._Рекуррентные_НС.tex,2-file,version_2,gemma3_4b,prompt1,49.6,61.3,50.5,0.0,0.0,0.0,0.0,0.0,v2_russian
5._Рекуррентные_НС.tex,2-file,version_2,gemma3_4b,prompt8,47.9,68.5,54.3,0.0,0.0,0.0,0.0,0.0,v2_russian
5._Рекуррентные_НС.tex,2-file,version_2,gemma3_4b,prompt11,46.1,63.1,50.9,0.0,0.0,0.0,0.0,0.0,v2_russian
5._Рекуррентные_НС.tex,2-file,version_2,phi4-mini_3.8b,prompt14,0.0,0.0,0.0,0.0,0.0,0.0,0.0,0.0,v2_russian
5._Рекуррентные_НС.tex,2-file,version_2,phi4-mini_3.8b,prompt13,0.0,0.0,0.0,0.0,0.0,0.0,0.0,0.0,v2_russian
5._Рекуррентные_НС.tex,2-file,version_2,phi4-mini_3.8b,prompt4,0.0,0.0,0.0,0.0,0.0,0.0,0.0,0.0,v2_russian
5._Рекуррентные_НС.tex,2-file,version_2,phi4-mini_3.8b,prompt3,0.0,0.0,0.0,0.0,0.0,0.0,0.0,0.0,v2_russian
5._Рекуррентные_НС.tex,2-file,version_2,phi4-mini_3.8b,prompt2,0.0,0.0,0.0,0.0,0.0,0.0,0.0,0.0,v2_russian
5._Рекуррентные_НС.tex,2-file,version_2,phi4-mini_3.8b,prompt5,0.0,0.0,0.0,0.0,0.0,0.0,0.0,0.0,v2_russian
5._Рекуррентные_НС.tex,2-file,version_2,phi4-mini_3.8b,prompt12,0.0,0.0,0.0,0.0,0.0,0.0,0.0,0.0,v2_russian
5._Рекуррентные_НС.tex,2-file,version_2,phi4-mini_3.8b,prompt15,0.0,0.0,0.0,0.0,0.0,0.0,0.0,0.0,v2_russian
5._Рекуррентные_НС.tex,2-file,version_2,phi4-mini_3.8b,prompt10,0.0,0.0,0.0,0.0,0.0,0.0,0.0,0.0,v2_russian
5._Рекуррентные_НС.tex,2-file,version_2,phi4-mini_3.8b,prompt9,0.0,0.0,0.0,0.0,0.0,0.0,0.0,0.0,v2_russian
5._Рекуррентные_НС.tex,2-file,version_2,phi4-mini_3.8b,prompt7,0.0,0.0,0.0,0.0,0.0,0.0,0.0,0.0,v2_russian
5._Рекуррентные_НС.tex,2-file,version_2,phi4-mini_3.8b,prompt6,0.0,0.0,0.0,0.0,0.0,0.0,0.0,0.0,v2_russian
5._Рекуррентные_НС.tex,2-file,version_2,phi4-mini_3.8b,prompt1,0.0,0.0,0.0,0.0,0.0,0.0,0.0,0.0,v2_russian
5._Рекуррентные_НС.tex,2-file,version_2,phi4-mini_3.8b,prompt8,0.0,0.0,0.0,0.0,0.0,0.0,0.0,0.0,v2_russian
5._Рекуррентные_НС.tex,2-file,version_2,phi4-mini_3.8b,prompt11,0.0,0.0,0.0,0.0,0.0,0.0,0.0,0.0,v2_russian
5._Рекуррентные_НС.tex,2-file,version_2,llama3.2_1b,prompt14,24.0,37.9,20.3,0.0,0.0,0.0,0.0,0.0,v2_russian
5._Рекуррентные_НС.tex,2-file,version_2,llama3.2_1b,prompt13,24.2,33.0,17.7,0.0,0.0,0.0,0.0,0.0,v2_russian
5._Рекуррентные_НС.tex,2-file,version_2,llama3.2_1b,prompt4,27.4,35.2,21.9,0.0,0.0,0.0,0.0,0.0,v2_russian
5._Рекуррентные_НС.tex,2-file,version_2,llama3.2_1b,prompt3,23.3,27.7,17.9,0.0,0.0,0.0,0.0,0.0,v2_russian
5._Рекуррентные_НС.tex,2-file,version_2,llama3.2_1b,prompt2,29.9,27.2,22.0,0.0,0.0,0.0,0.0,0.0,v2_russian
5._Рекуррентные_НС.tex,2-file,version_2,llama3.2_1b,prompt5,31.7,36.6,23.9,0.0,0.0,0.0,0.0,0.0,v2_russian
5._Рекуррентные_НС.tex,2-file,version_2,llama3.2_1b,prompt12,25.2,28.3,21.2,0.0,0.0,0.0,0.0,0.0,v2_russian
5._Рекуррентные_НС.tex,2-file,version_2,llama3.2_1b,prompt15,13.7,35.4,14.0,0.0,0.0,0.0,0.0,0.0,v2_russian
5._Рекуррентные_НС.tex,2-file,version_2,llama3.2_1b,prompt10,15.8,23.8,11.0,0.0,0.0,0.0,0.0,0.0,v2_russian
5._Рекуррентные_НС.tex,2-file,version_2,llama3.2_1b,prompt9,28.6,41.2,31.2,0.0,0.0,0.0,0.0,0.0,v2_russian
5._Рекуррентные_НС.tex,2-file,version_2,llama3.2_1b,prompt7,21.4,34.3,19.2,0.0,0.0,0.0,0.0,0.0,v2_russian
5._Рекуррентные_НС.tex,2-file,version_2,llama3.2_1b,prompt6,35.3,35.2,25.1,0.0,0.0,0.0,0.0,0.0,v2_russian
5._Рекуррентные_НС.tex,2-file,version_2,llama3.2_1b,prompt1,36.0,30.1,27.8,0.0,0.0,0.0,0.0,0.0,v2_russian
5._Рекуррентные_НС.tex,2-file,version_2,llama3.2_1b,prompt8,26.2,37.7,22.0,0.0,0.0,0.0,0.0,0.0,v2_russian
5._Рекуррентные_НС.tex,2-file,version_2,llama3.2_1b,prompt11,27.4,29.7,24.7,0.0,0.0,0.0,0.0,0.0,v2_russian
5._Рекуррентные_НС.tex,2-file,version_2,deepseek-r1_1.5b,prompt14,0.0,0.0,0.0,0.0,0.0,0.0,0.0,0.0,v2_russian
5._Рекуррентные_НС.tex,2-file,version_2,deepseek-r1_1.5b,prompt13,0.0,0.0,0.0,0.0,0.0,0.0,0.0,0.0,v2_russian
5._Рекуррентные_НС.tex,2-file,version_2,deepseek-r1_1.5b,prompt4,0.0,0.0,0.0,0.0,0.0,0.0,0.0,0.0,v2_russian
5._Рекуррентные_НС.tex,2-file,version_2,deepseek-r1_1.5b,prompt3,0.0,0.0,0.0,0.0,0.0,0.0,0.0,0.0,v2_russian
5._Рекуррентные_НС.tex,2-file,version_2,deepseek-r1_1.5b,prompt2,0.0,0.0,0.0,0.0,0.0,0.0,0.0,0.0,v2_russian
5._Рекуррентные_НС.tex,2-file,version_2,deepseek-r1_1.5b,prompt5,0.0,0.0,0.0,0.0,0.0,0.0,0.0,0.0,v2_russian
5._Рекуррентные_НС.tex,2-file,version_2,deepseek-r1_1.5b,prompt12,0.0,0.0,0.0,0.0,0.0,0.0,0.0,0.0,v2_russian
5._Рекуррентные_НС.tex,2-file,version_2,deepseek-r1_1.5b,prompt15,0.0,0.0,0.0,0.0,0.0,0.0,0.0,0.0,v2_russian
5._Рекуррентные_НС.tex,2-file,version_2,deepseek-r1_1.5b,prompt10,0.0,0.0,0.0,0.0,0.0,0.0,0.0,0.0,v2_russian
5._Рекуррентные_НС.tex,2-file,version_2,deepseek-r1_1.5b,prompt9,0.0,0.0,0.0,0.0,0.0,0.0,0.0,0.0,v2_russian
5._Рекуррентные_НС.tex,2-file,version_2,deepseek-r1_1.5b,prompt7,0.0,0.0,0.0,0.0,0.0,0.0,0.0,0.0,v2_russian
5._Рекуррентные_НС.tex,2-file,version_2,deepseek-r1_1.5b,prompt6,0.0,0.0,0.0,0.0,0.0,0.0,0.0,0.0,v2_russian
5._Рекуррентные_НС.tex,2-file,version_2,deepseek-r1_1.5b,prompt1,0.0,0.0,0.0,0.0,0.0,0.0,0.0,0.0,v2_russian
5._Рекуррентные_НС.tex,2-file,version_2,deepseek-r1_1.5b,prompt8,0.0,0.0,0.0,0.0,0.0,0.0,0.0,0.0,v2_russian
5._Рекуррентные_НС.tex,2-file,version_2,deepseek-r1_1.5b,prompt11,0.0,0.0,0.0,0.0,0.0,0.0,0.0,0.0,v2_russian
5._Рекуррентные_НС.tex,2-file,version_2,granite3.2_2b,prompt14,19.7,18.9,4.0,0.0,0.0,0.0,0.0,0.0,v2_russian
5._Рекуррентные_НС.tex,2-file,version_2,granite3.2_2b,prompt13,14.2,24.2,10.5,0.0,0.0,0.0,0.0,0.0,v2_russian
5._Рекуррентные_НС.tex,2-file,version_2,granite3.2_2b,prompt4,10.8,22.6,3.9,0.0,0.0,0.0,0.0,0.0,v2_russian
5._Рекуррентные_НС.tex,2-file,version_2,granite3.2_2b,prompt3,10.7,26.1,3.4,0.0,0.0,0.0,0.0,0.0,v2_russian
5._Рекуррентные_НС.tex,2-file,version_2,granite3.2_2b,prompt2,11.1,18.9,1.5,0.0,0.0,0.0,0.0,0.0,v2_russian
5._Рекуррентные_НС.tex,2-file,version_2,granite3.2_2b,prompt5,14.5,21.7,3.0,0.0,0.0,0.0,0.0,0.0,v2_russian
5._Рекуррентные_НС.tex,2-file,version_2,granite3.2_2b,prompt12,7.9,15.9,3.3,0.0,0.0,0.0,0.0,0.0,v2_russian
5._Рекуррентные_НС.tex,2-file,version_2,granite3.2_2b,prompt15,8.8,12.4,0.0,0.0,0.0,0.0,0.0,0.0,v2_russian
5._Рекуррентные_НС.tex,2-file,version_2,granite3.2_2b,prompt10,15.5,15.9,5.3,0.0,0.0,0.0,0.0,0.0,v2_russian
5._Рекуррентные_НС.tex,2-file,version_2,granite3.2_2b,prompt9,9.4,20.9,2.3,0.0,0.0,0.0,0.0,0.0,v2_russian
5._Рекуррентные_НС.tex,2-file,version_2,granite3.2_2b,prompt7,19.8,12.0,2.5,0.0,0.0,0.0,0.0,0.0,v2_russian
5._Рекуррентные_НС.tex,2-file,version_2,granite3.2_2b,prompt6,9.6,19.8,3.7,0.0,0.0,0.0,0.0,0.0,v2_russian
5._Рекуррентные_НС.tex,2-file,version_2,granite3.2_2b,prompt1,7.3,15.3,1.9,0.0,0.0,0.0,0.0,0.0,v2_russian
5._Рекуррентные_НС.tex,2-file,version_2,granite3.2_2b,prompt8,9.3,23.7,8.9,0.0,0.0,0.0,0.0,0.0,v2_russian
5._Рекуррентные_НС.tex,2-file,version_2,granite3.2_2b,prompt11,10.0,25.6,10.5,0.0,0.0,0.0,0.0,0.0,v2_russian
5._Рекуррентные_НС.tex,2-file,version_2,mistral_7b,prompt14,65.1,77.1,68.8,0.0,0.0,0.0,0.0,0.0,v2_russian
5._Рекуррентные_НС.tex,2-file,version_2,mistral_7b,prompt13,51.6,72.2,54.5,0.0,0.0,0.0,0.0,0.0,v2_russian
5._Рекуррентные_НС.tex,2-file,version_2,mistral_7b,prompt4,59.0,74.2,61.0,0.0,0.0,0.0,0.0,0.0,v2_russian
5._Рекуррентные_НС.tex,2-file,version_2,mistral_7b,prompt3,57.4,71.9,58.7,0.0,0.0,0.0,0.0,0.0,v2_russian
5._Рекуррентные_НС.tex,2-file,version_2,mistral_7b,prompt2,54.1,69.6,57.1,0.0,0.0,0.0,0.0,0.0,v2_russian
5._Рекуррентные_НС.tex,2-file,version_2,mistral_7b,prompt5,57.7,73.2,61.9,0.0,0.0,0.0,0.0,0.0,v2_russian
5._Рекуррентные_НС.tex,2-file,version_2,mistral_7b,prompt12,61.4,78.2,63.9,0.0,0.0,0.0,0.0,0.0,v2_russian
5._Рекуррентные_НС.tex,2-file,version_2,mistral_7b,prompt15,51.7,76.0,57.2,0.0,0.0,0.0,0.0,0.0,v2_russian
5._Рекуррентные_НС.tex,2-file,version_2,mistral_7b,prompt10,60.2,71.0,61.1,0.0,0.0,0.0,0.0,0.0,v2_russian
5._Рекуррентные_НС.tex,2-file,version_2,mistral_7b,prompt9,51.0,70.9,56.0,0.0,0.0,0.0,0.0,0.0,v2_russian
5._Рекуррентные_НС.tex,2-file,version_2,mistral_7b,prompt7,43.1,70.4,49.5,0.0,0.0,0.0,0.0,0.0,v2_russian
5._Рекуррентные_НС.tex,2-file,version_2,mistral_7b,prompt6,58.3,69.0,58.6,0.0,0.0,0.0,0.0,0.0,v2_russian
5._Рекуррентные_НС.tex,2-file,version_2,mistral_7b,prompt1,53.9,77.2,55.2,0.0,0.0,0.0,0.0,0.0,v2_russian
5._Рекуррентные_НС.tex,2-file,version_2,mistral_7b,prompt8,62.9,67.0,58.8,0.0,0.0,0.0,0.0,0.0,v2_russian
5._Рекуррентные_НС.tex,2-file,version_2,mistral_7b,prompt11,55.7,70.2,56.3,0.0,0.0,0.0,0.0,0.0,v2_russian
5._Рекуррентные_НС.tex,2-file,version_3,gemma3_4b,prompt14,45.0,52.5,46.3,67.6,100.0,56.7,19.8,65.1,v3_russian_v2
5._Рекуррентные_НС.tex,2-file,version_3,gemma3_4b,prompt13,42.0,57.0,46.0,67.6,100.0,59.8,26.8,64.9,v3_russian_v2
5._Рекуррентные_НС.tex,2-file,version_3,gemma3_4b,prompt4,45.4,52.7,44.7,67.6,100.0,56.3,21.4,67.6,v3_russian_v2
5._Рекуррентные_НС.tex,2-file,version_3,gemma3_4b,prompt3,41.8,56.7,45.3,67.6,100.0,60.8,22.9,64.5,v3_russian_v2
5._Рекуррентные_НС.tex,2-file,version_3,gemma3_4b,prompt2,38.6,60.1,43.1,67.6,100.0,68.1,23.4,67.4,v3_russian_v2
5._Рекуррентные_НС.tex,2-file,version_3,gemma3_4b,prompt5,49.5,60.7,51.7,67.6,100.0,66.0,21.9,69.2,v3_russian_v2
5._Рекуррентные_НС.tex,2-file,version_3,gemma3_4b,prompt12,45.9,59.6,48.8,67.6,100.0,65.1,24.5,62.3,v3_russian_v2
5._Рекуррентные_НС.tex,2-file,version_3,gemma3_4b,prompt15,42.2,55.8,45.5,67.6,100.0,59.3,24.1,65.8,v3_russian_v2
5._Рекуррентные_НС.tex,2-file,version_3,gemma3_4b,prompt10,37.9,56.8,41.2,67.6,100.0,62.5,29.2,62.6,v3_russian_v2
5._Рекуррентные_НС.tex,2-file,version_3,gemma3_4b,prompt9,45.5,64.0,50.5,67.6,100.0,66.0,23.3,65.3,v3_russian_v2
5._Рекуррентные_НС.tex,2-file,version_3,gemma3_4b,prompt7,43.7,57.8,48.7,67.6,100.0,64.0,25.9,64.7,v3_russian_v2
5._Рекуррентные_НС.tex,2-file,version_3,gemma3_4b,prompt6,42.5,64.4,49.4,67.6,100.0,65.4,24.8,67.6,v3_russian_v2
5._Рекуррентные_НС.tex,2-file,version_3,gemma3_4b,prompt1,42.9,54.6,46.2,67.6,100.0,58.9,23.2,66.2,v3_russian_v2
5._Рекуррентные_НС.tex,2-file,version_3,gemma3_4b,prompt8,37.6,52.5,41.4,67.6,100.0,57.1,28.2,65.0,v3_russian_v2
5._Рекуррентные_НС.tex,2-file,version_3,gemma3_4b,prompt11,43.8,53.4,45.4,67.6,100.0,59.6,22.6,66.3,v3_russian_v2
5._Рекуррентные_НС.tex,2-file,version_3,phi4-mini_3.8b,prompt14,54.2,34.6,26.6,66.9,100.0,37.1,9.5,52.9,v3_russian_v2
5._Рекуррентные_НС.tex,2-file,version_3,phi4-mini_3.8b,prompt13,54.8,25.7,20.0,66.9,100.0,26.1,6.1,52.6,v3_russian_v2
5._Рекуррентные_НС.tex,2-file,version_3,phi4-mini_3.8b,prompt4,62.8,38.6,33.1,67.6,100.0,38.6,8.7,58.9,v3_russian_v2
5._Рекуррентные_НС.tex,2-file,version_3,phi4-mini_3.8b,prompt3,42.8,43.4,34.7,67.6,100.0,45.4,13.3,41.5,v3_russian_v2
5._Рекуррентные_НС.tex,2-file,version_3,phi4-mini_3.8b,prompt2,58.2,40.5,24.7,66.9,100.0,42.2,5.5,57.5,v3_russian_v2
5._Рекуррентные_НС.tex,2-file,version_3,phi4-mini_3.8b,prompt5,57.1,30.2,23.3,66.9,100.0,31.7,9.5,48.0,v3_russian_v2
5._Рекуррентные_НС.tex,2-file,version_3,phi4-mini_3.8b,prompt12,53.6,27.1,19.0,67.6,100.0,27.6,20.0,55.7,v3_russian_v2
5._Рекуррентные_НС.tex,2-file,version_3,phi4-mini_3.8b,prompt15,43.6,30.5,18.9,67.6,100.0,34.7,11.2,45.8,v3_russian_v2
5._Рекуррентные_НС.tex,2-file,version_3,phi4-mini_3.8b,prompt10,72.4,29.8,24.6,67.6,100.0,31.4,7.3,63.4,v3_russian_v2
5._Рекуррентные_НС.tex,2-file,version_3,phi4-mini_3.8b,prompt9,62.0,36.2,28.8,66.9,100.0,37.2,6.7,60.2,v3_russian_v2
5._Рекуррентные_НС.tex,2-file,version_3,phi4-mini_3.8b,prompt7,61.0,42.3,32.9,67.6,100.0,42.9,5.6,53.5,v3_russian_v2
5._Рекуррентные_НС.tex,2-file,version_3,phi4-mini_3.8b,prompt6,0.0,16.6,0.0,65.6,100.0,14.4,21.1,52.3,v3_russian_v2
5._Рекуррентные_НС.tex,2-file,version_3,phi4-mini_3.8b,prompt1,56.9,37.2,30.4,67.6,100.0,36.6,8.9,51.8,v3_russian_v2
5._Рекуррентные_НС.tex,2-file,version_3,phi4-mini_3.8b,prompt8,61.0,38.5,28.7,67.6,100.0,39.0,6.1,53.1,v3_russian_v2
5._Рекуррентные_НС.tex,2-file,version_3,phi4-mini_3.8b,prompt11,63.3,36.2,29.4,67.6,100.0,37.0,11.1,54.8,v3_russian_v2
5._Рекуррентные_НС.tex,2-file,version_3,llama3.2_1b,prompt14,43.0,36.0,31.3,67.6,100.0,37.1,29.4,57.7,v3_russian_v2
5._Рекуррентные_НС.tex,2-file,version_3,llama3.2_1b,prompt13,40.9,32.4,30.3,67.6,100.0,33.5,25.8,63.1,v3_russian_v2
5._Рекуррентные_НС.tex,2-file,version_3,llama3.2_1b,prompt4,31.9,36.6,23.6,67.6,100.0,34.8,31.2,50.2,v3_russian_v2
5._Рекуррентные_НС.tex,2-file,version_3,llama3.2_1b,prompt3,32.0,29.7,25.3,67.6,100.0,26.4,30.5,51.5,v3_russian_v2
5._Рекуррентные_НС.tex,2-file,version_3,llama3.2_1b,prompt2,39.7,35.7,32.9,67.6,100.0,30.3,37.1,50.8,v3_russian_v2
5._Рекуррентные_НС.tex,2-file,version_3,llama3.2_1b,prompt5,28.9,22.6,19.1,67.6,100.0,19.9,29.5,62.2,v3_russian_v2
5._Рекуррентные_НС.tex,2-file,version_3,llama3.2_1b,prompt12,23.0,26.5,18.7,67.6,100.0,19.3,39.6,52.0,v3_russian_v2
5._Рекуррентные_НС.tex,2-file,version_3,llama3.2_1b,prompt15,28.0,24.8,16.7,67.6,100.0,28.8,34.4,59.7,v3_russian_v2
5._Рекуррентные_НС.tex,2-file,version_3,llama3.2_1b,prompt10,27.7,22.9,21.4,67.6,100.0,24.5,33.9,55.7,v3_russian_v2
5._Рекуррентные_НС.tex,2-file,version_3,llama3.2_1b,prompt9,21.0,21.4,16.0,67.6,100.0,22.5,34.2,57.4,v3_russian_v2
5._Рекуррентные_НС.tex,2-file,version_3,llama3.2_1b,prompt7,37.3,28.5,24.6,67.6,100.0,29.5,33.5,60.0,v3_russian_v2
5._Рекуррентные_НС.tex,2-file,version_3,llama3.2_1b,prompt6,29.6,26.5,24.6,65.9,100.0,28.1,36.0,58.5,v3_russian_v2
5._Рекуррентные_НС.tex,2-file,version_3,llama3.2_1b,prompt1,32.5,34.7,25.0,67.6,100.0,38.6,36.5,55.3,v3_russian_v2
5._Рекуррентные_НС.tex,2-file,version_3,llama3.2_1b,prompt8,27.8,27.7,18.8,67.6,100.0,23.9,39.9,45.8,v3_russian_v2
5._Рекуррентные_НС.tex,2-file,version_3,llama3.2_1b,prompt11,31.5,23.1,19.9,67.6,100.0,25.3,32.4,62.5,v3_russian_v2
5._Рекуррентные_НС.tex,2-file,version_3,deepseek-r1_1.5b,prompt14,40.8,53.7,39.7,67.6,100.0,54.8,21.4,59.6,v3_russian_v2
5._Рекуррентные_НС.tex,2-file,version_3,deepseek-r1_1.5b,prompt13,28.9,45.5,27.9,67.6,100.0,46.6,30.6,52.1,v3_russian_v2
5._Рекуррентные_НС.tex,2-file,version_3,deepseek-r1_1.5b,prompt4,26.3,37.0,27.0,67.6,100.0,35.5,30.8,61.8,v3_russian_v2
5._Рекуррентные_НС.tex,2-file,version_3,deepseek-r1_1.5b,prompt3,27.0,42.2,29.1,67.6,100.0,44.7,29.3,61.8,v3_russian_v2
5._Рекуррентные_НС.tex,2-file,version_3,deepseek-r1_1.5b,prompt2,33.0,45.4,30.7,67.6,100.0,44.5,30.3,60.1,v3_russian_v2
5._Рекуррентные_НС.tex,2-file,version_3,deepseek-r1_1.5b,prompt5,26.1,44.5,30.7,67.6,100.0,41.9,35.1,57.5,v3_russian_v2
5._Рекуррентные_НС.tex,2-file,version_3,deepseek-r1_1.5b,prompt12,24.7,37.1,25.5,67.6,100.0,40.7,29.8,64.1,v3_russian_v2
5._Рекуррентные_НС.tex,2-file,version_3,deepseek-r1_1.5b,prompt15,25.6,37.4,27.0,67.6,100.0,32.0,34.4,57.4,v3_russian_v2
5._Рекуррентные_НС.tex,2-file,version_3,deepseek-r1_1.5b,prompt10,23.7,38.9,26.4,67.6,100.0,40.5,40.2,52.8,v3_russian_v2
5._Рекуррентные_НС.tex,2-file,version_3,deepseek-r1_1.5b,prompt9,33.0,51.6,35.9,67.6,100.0,52.2,27.1,64.2,v3_russian_v2
5._Рекуррентные_НС.tex,2-file,version_3,deepseek-r1_1.5b,prompt7,37.0,51.7,41.3,67.6,100.0,53.3,23.5,65.3,v3_russian_v2
5._Рекуррентные_НС.tex,2-file,version_3,deepseek-r1_1.5b,prompt6,32.0,47.6,34.4,67.6,100.0,48.5,27.0,57.9,v3_russian_v2
5._Рекуррентные_НС.tex,2-file,version_3,deepseek-r1_1.5b,prompt1,28.7,43.8,26.5,65.3,100.0,43.1,33.3,57.0,v3_russian_v2
5._Рекуррентные_НС.tex,2-file,version_3,deepseek-r1_1.5b,prompt8,28.7,43.3,31.9,67.6,100.0,45.8,29.4,64.6,v3_russian_v2
5._Рекуррентные_НС.tex,2-file,version_3,deepseek-r1_1.5b,prompt11,39.6,46.4,38.7,67.6,100.0,46.0,26.6,60.1,v3_russian_v2
5._Рекуррентные_НС.tex,2-file,version_3,granite3.2_2b,prompt14,31.3,49.8,34.5,67.6,100.0,49.1,30.1,60.5,v3_russian_v2
5._Рекуррентные_НС.tex,2-file,version_3,granite3.2_2b,prompt13,21.6,53.1,27.6,67.6,100.0,58.1,36.0,58.3,v3_russian_v2
5._Рекуррентные_НС.tex,2-file,version_3,granite3.2_2b,prompt4,24.8,58.0,32.4,67.6,100.0,56.2,35.6,57.6,v3_russian_v2
5._Рекуррентные_НС.tex,2-file,version_3,granite3.2_2b,prompt3,30.9,46.3,33.8,67.6,100.0,50.1,35.2,54.8,v3_russian_v2
5._Рекуррентные_НС.tex,2-file,version_3,granite3.2_2b,prompt2,31.0,54.1,36.1,67.6,100.0,56.1,33.1,57.3,v3_russian_v2
5._Рекуррентные_НС.tex,2-file,version_3,granite3.2_2b,prompt5,26.8,45.0,29.2,67.6,100.0,50.3,33.4,59.3,v3_russian_v2
5._Рекуррентные_НС.tex,2-file,version_3,granite3.2_2b,prompt12,25.8,53.1,32.9,67.6,100.0,52.0,31.8,58.5,v3_russian_v2
5._Рекуррентные_НС.tex,2-file,version_3,granite3.2_2b,prompt15,28.9,57.0,35.6,67.6,100.0,60.4,31.0,61.5,v3_russian_v2
5._Рекуррентные_НС.tex,2-file,version_3,granite3.2_2b,prompt10,28.9,43.1,30.7,67.6,100.0,48.4,31.3,59.7,v3_russian_v2
5._Рекуррентные_НС.tex,2-file,version_3,granite3.2_2b,prompt9,25.2,46.9,28.4,67.6,100.0,51.1,35.8,54.9,v3_russian_v2
5._Рекуррентные_НС.tex,2-file,version_3,granite3.2_2b,prompt7,24.0,49.7,29.6,67.6,100.0,53.3,38.5,52.8,v3_russian_v2
5._Рекуррентные_НС.tex,2-file,version_3,granite3.2_2b,prompt6,30.6,48.4,33.5,67.6,100.0,51.6,36.3,55.2,v3_russian_v2
5._Рекуррентные_НС.tex,2-file,version_3,granite3.2_2b,prompt1,32.6,57.0,38.4,67.6,100.0,57.5,30.2,60.3,v3_russian_v2
5._Рекуррентные_НС.tex,2-file,version_3,granite3.2_2b,prompt8,30.1,53.3,34.7,67.6,100.0,56.1,33.1,56.7,v3_russian_v2
5._Рекуррентные_НС.tex,2-file,version_3,granite3.2_2b,prompt11,25.8,47.7,28.9,67.6,100.0,48.3,36.1,56.0,v3_russian_v2
5._Рекуррентные_НС.tex,2-file,version_3,mistral_7b,prompt14,31.8,51.6,34.8,67.6,100.0,53.6,29.3,61.5,v3_russian_v2
5._Рекуррентные_НС.tex,2-file,version_3,mistral_7b,prompt13,31.8,46.1,34.4,67.6,100.0,46.0,26.0,67.4,v3_russian_v2
5._Рекуррентные_НС.tex,2-file,version_3,mistral_7b,prompt4,31.3,53.7,36.1,67.6,100.0,56.7,31.3,60.0,v3_russian_v2
5._Рекуррентные_НС.tex,2-file,version_3,mistral_7b,prompt3,33.7,52.6,38.8,67.6,100.0,57.6,28.9,59.9,v3_russian_v2
5._Рекуррентные_НС.tex,2-file,version_3,mistral_7b,prompt2,40.1,46.1,40.9,67.6,100.0,47.4,24.0,62.8,v3_russian_v2
5._Рекуррентные_НС.tex,2-file,version_3,mistral_7b,prompt5,32.0,53.6,36.1,67.6,100.0,54.9,24.0,70.3,v3_russian_v2
5._Рекуррентные_НС.tex,2-file,version_3,mistral_7b,prompt12,41.3,50.6,42.0,67.6,100.0,55.1,24.8,64.6,v3_russian_v2
5._Рекуррентные_НС.tex,2-file,version_3,mistral_7b,prompt15,32.3,44.4,32.8,67.6,100.0,48.1,28.2,61.0,v3_russian_v2
5._Рекуррентные_НС.tex,2-file,version_3,mistral_7b,prompt10,29.2,49.7,33.9,67.6,100.0,51.5,26.3,66.1,v3_russian_v2
5._Рекуррентные_НС.tex,2-file,version_3,mistral_7b,prompt9,33.2,49.7,37.5,67.6,100.0,55.9,25.8,66.1,v3_russian_v2
5._Рекуррентные_НС.tex,2-file,version_3,mistral_7b,prompt7,40.2,51.7,42.8,67.6,100.0,51.8,31.5,59.7,v3_russian_v2
5._Рекуррентные_НС.tex,2-file,version_3,mistral_7b,prompt6,30.2,54.6,36.8,67.6,100.0,55.7,26.3,66.1,v3_russian_v2
5._Рекуррентные_НС.tex,2-file,version_3,mistral_7b,prompt1,34.2,50.4,38.3,67.6,100.0,56.1,24.5,67.5,v3_russian_v2
5._Рекуррентные_НС.tex,2-file,version_3,mistral_7b,prompt8,29.6,49.2,34.4,63.3,100.0,50.7,27.9,65.2,v3_russian_v2
5._Рекуррентные_НС.tex,2-file,version_3,mistral_7b,prompt11,39.1,50.5,41.4,67.6,100.0,52.9,21.7,68.7,v3_russian_v2
